quic,2048,64,167657 
quic,2048,64,62101 
quic,2048,64,74852 
quic,2048,64,117757 
quic,2048,64,195843 
quic,2048,64,276838 
quic,2048,64,367642 
quic,2048,64,557808 
quic,2048,64,882508 
quic,2048,64,514908 
quic,2048,64,497107 
quic,2048,64,454780 
quic,2048,64,613052 
quic,2048,64,777877 
quic,2048,64,833933 
quic,2048,64,787298 
quic,2048,64,744945 
quic,2048,64,819824 
quic,2048,64,801205 
quic,2048,64,565322 
quic,2048,64,631686 
quic,2048,64,817294 
quic,2048,64,400944 
quic,2048,64,408955 
quic,2048,64,407574 
quic,2048,64,505100 
quic,2048,64,532561 
quic,2048,64,499422 
quic,2048,64,446178 
quic,2048,64,389731 
quic,2048,64,530069 
quic,2048,64,592105 
quic,2048,64,457844 
quic,2048,64,483949 
quic,2048,64,595194 
quic,2048,64,553305 
quic,2048,64,574318 
quic,2048,64,412835 
quic,2048,64,411952 
quic,2048,64,469163 
quic,2048,64,632789 
quic,2048,64,557118 
quic,2048,64,326853 
quic,2048,64,390007 
quic,2048,64,816606 
quic,2048,64,633784 
quic,2048,64,765185 
quic,2048,64,679457 
quic,2048,64,522653 
quic,2048,64,599264 
quic,2048,64,408627 
quic,2048,64,380936 
quic,2048,64,484911 
quic,2048,64,507530 
quic,2048,64,516888 
quic,2048,64,701684 
quic,2048,64,693920 
quic,2048,64,533857 
quic,2048,64,578573 
quic,2048,64,414306 
quic,2048,64,609111 
quic,2048,64,795423 
quic,2048,64,550719 
quic,2048,64,599601 
quic,2048,64,741002 
quic,2048,64,822649 
quic,2048,64,813870 
quic,2048,64,510374 
quic,2048,64,402857 
quic,2048,64,377399 
quic,2048,64,424661 
quic,2048,64,710991 
quic,2048,64,508982 
quic,2048,64,510816 
quic,2048,64,538409 
quic,2048,64,322083 
quic,2048,64,824346 
quic,2048,64,978224 
quic,2048,64,778879 
quic,2048,64,612118 
quic,2048,64,594692 
quic,2048,64,713157 
quic,2048,64,766707 
quic,2048,64,854688 
quic,2048,64,457197 
quic,2048,64,440569 
quic,2048,64,598746 
quic,2048,64,620348 
quic,2048,64,407163 
quic,2048,64,516712 
quic,2048,64,440442 
quic,2048,64,481117 
quic,2048,64,674908 
quic,2048,64,523381 
quic,2048,64,501219 
quic,2048,64,636812 
quic,2048,64,813519 
quic,2048,64,617789 
quic,2048,64,349594 
quic,2048,64,606331 
quic,2048,128,1399998 
quic,2048,128,1186342 
quic,2048,128,1430546 
quic,2048,128,1650409 
quic,2048,128,1213450 
quic,2048,128,1212506 
quic,2048,128,942555 
quic,2048,128,1104615 
quic,2048,128,1105146 
quic,2048,128,1150798 
quic,2048,128,1213757 
quic,2048,128,1872597 
quic,2048,128,1901270 
quic,2048,128,1153342 
quic,2048,128,1179980 
quic,2048,128,904057 
quic,2048,128,629072 
quic,2048,128,836010 
quic,2048,128,1541957 
quic,2048,128,1721535 
quic,2048,128,1454910 
quic,2048,128,1358539 
quic,2048,128,1449691 
quic,2048,128,1828406 
quic,2048,128,1747107 
quic,2048,128,1265441 
quic,2048,128,1563670 
quic,2048,128,1633568 
quic,2048,128,1163996 
quic,2048,128,987493 
quic,2048,128,1320709 
quic,2048,128,1294728 
quic,2048,128,1046396 
quic,2048,128,1240519 
quic,2048,128,2213140 
quic,2048,128,1125398 
quic,2048,128,1519442 
quic,2048,128,1314508 
quic,2048,128,1513452 
quic,2048,128,1794464 
quic,2048,128,1310125 
quic,2048,128,1575470 
quic,2048,128,1823935 
quic,2048,128,1202864 
quic,2048,128,1120012 
quic,2048,128,780840 
quic,2048,128,832643 
quic,2048,128,960193 
quic,2048,128,1138411 
quic,2048,128,653048 
quic,2048,128,645667 
quic,2048,128,1401479 
quic,2048,128,1336695 
quic,2048,128,1312915 
quic,2048,128,1313895 
quic,2048,128,1319532 
quic,2048,128,1043678 
tcp,2048,128,605028 
tcp,2048,128,1466587 
tcp,2048,128,2641076 
tcp,2048,128,2424150 
tcp,2048,128,2651896 
tcp,2048,128,1855326 
tcp,2048,128,2231411 
tcp,2048,128,2315852 
tcp,2048,128,2326822 
tcp,2048,128,2002323 
tcp,2048,128,1335660 
tcp,2048,128,2190130 
tcp,2048,128,2333129 
tcp,2048,128,2033832 
tcp,2048,128,2223100 
tcp,2048,128,2097015 
tcp,2048,128,2319541 
tcp,2048,128,2034531 
tcp,2048,128,1602348 
tcp,2048,128,2110405 
tcp,2048,128,2477977 
tcp,2048,128,1929681 
tcp,2048,128,1792212 
tcp,2048,128,2374716 
tcp,2048,128,2528133 
tcp,2048,128,2428185 
tcp,2048,128,2121573 
tcp,2048,128,1660819 
tcp,2048,128,2068693 
tcp,2048,128,2380386 
tcp,2048,128,1714249 
tcp,2048,128,1419249 
tcp,2048,128,2341570 
tcp,2048,128,2124967 
tcp,2048,128,2389365 
tcp,2048,128,1639604 
tcp,2048,128,1995302 
tcp,2048,128,2250265 
tcp,2048,128,1479687 
tcp,2048,128,1275313 
tcp,2048,128,1287742 
tcp,2048,128,2187327 
tcp,2048,128,2064054 
tcp,2048,192,2118654 
tcp,2048,192,3090585 
tcp,2048,192,3033850 
tcp,2048,192,3127452 
tcp,2048,192,3006018 
tcp,2048,192,2264716 
tcp,2048,192,2978771 
tcp,2048,192,2661909 
tcp,2048,192,3326260 
tcp,2048,192,3347149 
tcp,2048,192,3373800 
tcp,2048,192,2902005 
tcp,2048,192,3206080 
tcp,2048,192,2569564 
tcp,2048,192,3116460 
tcp,2048,192,3032214 
tcp,2048,192,2739874 
tcp,2048,192,3206898 
tcp,2048,192,2855650 
tcp,2048,192,2865139 
tcp,2048,192,2108254 
tcp,2048,192,2601078 
tcp,2048,192,3200854 
tcp,2048,192,3059312 
tcp,2048,192,2825647 
tcp,2048,192,1883689 
tcp,2048,192,3001462 
tcp,2048,192,2577372 
tcp,2048,192,2199060 
tcp,2048,192,3199041 
tcp,2048,192,3136454 
tcp,2048,192,2978305 
tcp,2048,192,3146700 
tcp,2048,192,3164962 
tcp,2048,192,2638828 
tcp,2048,192,3611320 
tcp,2048,192,2802929 
tcp,2048,192,2499416 
tcp,2048,192,3195918 
tcp,2048,192,2914373 
tcp,2048,192,2606133 
tcp,2048,192,2654115 
tcp,2048,192,3002950 
tcp,2048,192,3023616 
tcp,2048,192,2839736 
tcp,2048,192,1897742 
tcp,2048,192,2240533 
tcp,2048,192,3306164 
tcp,2048,192,3086186 
tcp,2048,192,2800644 
tcp,2048,192,3004396 
tcp,2048,192,3596175 
tcp,2048,192,3106586 
tcp,2048,192,1843436 
tcp,2048,192,2484160 
tcp,2048,192,2479441 
tcp,2048,192,1736558 
tcp,2048,192,2507050 
tcp,2048,192,2347250 
tcp,2048,192,2847287 
tcp,2048,192,2838622 
tcp,2048,192,2656401 
tcp,2048,192,3196403 
tcp,2048,192,3345228 
tcp,2048,192,3183478 
tcp,2048,192,3121594 
tcp,2048,192,3168525 
tcp,2048,192,3409172 
tcp,2048,192,2851414 
tcp,2048,192,3271371 
tcp,2048,192,3249947 
tcp,2048,192,2443726 
tcp,2048,192,3107724 
tcp,2048,192,2966108 
tcp,2048,192,2958078 
tcp,2048,192,3203475 
tcp,2048,192,2826168 
tcp,2048,192,3096679 
tcp,2048,192,3326204 
tcp,2048,192,2664188 
tcp,2048,192,3076161 
tcp,2048,192,2657893 
tcp,2048,192,3062877 
tcp,2048,192,3297439 
tcp,2048,192,3253607 
tcp,2048,192,2304022 
tcp,2048,192,1960831 
tcp,2048,192,2704304 
tcp,2048,192,3083268 
tcp,2048,192,3080773 
tcp,2048,192,3245903 
tcp,2048,192,2658009 
tcp,2048,192,3246981 
tcp,2048,192,3312228 
tcp,2048,192,3103889 
tcp,2048,192,2301744 
tcp,2048,192,3302394 
tcp,2048,192,3400169 
tcp,2048,192,2813500 
tcp,2048,192,2815795 
tcp,2048,256,3984947 
tcp,2048,256,3912761 
tcp,2048,256,3992922 
tcp,2048,256,3871147 
tcp,2048,256,3885036 
tcp,2048,256,3604370 
tcp,2048,256,4105018 
tcp,2048,256,3895762 
tcp,2048,256,4055065 
tcp,2048,256,3701933 
tcp,2048,256,4214978 
tcp,2048,256,3736454 
tcp,2048,256,3363221 
tcp,2048,256,3244901 
tcp,2048,256,2481367 
tcp,2048,256,4030042 
tcp,2048,256,3845469 
tcp,2048,256,3976225 
tcp,2048,256,3911604 
tcp,2048,256,3838483 
tcp,2048,256,3863872 
tcp,2048,256,3026401 
tcp,2048,256,2382403 
tcp,2048,256,3734145 
tcp,2048,256,4517905 
tcp,2048,256,3173079 
tcp,2048,256,2863116 
tcp,2048,256,4167755 
tcp,2048,256,1770484 
quic,2048,256,1938987 
quic,2048,256,1763272 
quic,2048,256,1767444 
quic,2048,256,2459059 
quic,2048,256,1748550 
quic,2048,256,2253851 
quic,2048,256,2524710 
quic,2048,256,2536873 
quic,2048,256,3336938 
quic,2048,256,1780857 
quic,2048,256,2296853 
quic,2048,256,2605519 
quic,2048,256,2055901 
quic,2048,256,2498701 
quic,2048,256,2808206 
quic,2048,256,2154369 
quic,2048,256,2682573 
quic,2048,256,3136194 
quic,2048,256,2056938 
quic,2048,256,2717990 
quic,2048,256,2715122 
quic,2048,256,3269019 
quic,2048,256,2358354 
quic,2048,256,1928125 
quic,2048,256,2826693 
quic,2048,256,2112922 
quic,2048,256,1661330 
quic,2048,256,2592920 
quic,2048,256,1757382 
quic,2048,256,2226712 
quic,2048,256,3131274 
quic,2048,256,2751105 
quic,2048,256,3076480 
quic,2048,256,2531656 
quic,2048,256,1731997 
quic,2048,256,2309395 
quic,2048,256,2204975 
quic,2048,256,1778005 
quic,2048,256,2301274 
quic,2048,256,2503753 
quic,2048,256,2357023 
quic,2048,256,1838311 
quic,2048,256,913170 
quic,2048,256,2515351 
quic,2048,256,2213012 
quic,2048,256,2642190 
quic,2048,256,2313310 
quic,2048,256,2873870 
quic,2048,256,2260971 
quic,2048,256,2057782 
quic,2048,256,2647829 
quic,2048,256,2789405 
quic,2048,256,2939033 
quic,2048,256,3308458 
quic,2048,256,2643343 
quic,2048,256,2637553 
quic,2048,256,2495886 
quic,2048,256,2375983 
quic,2048,256,2126527 
quic,2048,256,2087909 
quic,2048,256,2546985 
quic,2048,256,2693109 
quic,2048,256,2183411 
quic,2048,256,1826691 
quic,2048,256,3031660 
quic,2048,256,2085836 
quic,2048,256,1885943 
quic,2048,256,1869315 
quic,2048,256,1823141 
quic,2048,256,2297483 
quic,2048,256,1699130 
quic,2048,320,1167106 
quic,2048,320,1828127 
quic,2048,320,1714577 
quic,2048,320,2805789 
quic,2048,320,3631207 
quic,2048,320,2992892 
quic,2048,320,2605430 
quic,2048,320,3035082 
quic,2048,320,3642718 
quic,2048,320,2494962 
quic,2048,320,3404150 
quic,2048,320,3052746 
quic,2048,320,4128482 
quic,2048,320,3441436 
quic,2048,320,2734023 
quic,2048,320,3217762 
quic,2048,320,3753219 
quic,2048,320,3535725 
quic,2048,320,2208765 
quic,2048,320,1737990 
quic,2048,320,2347865 
quic,2048,320,2939026 
quic,2048,320,2727119 
quic,2048,320,2924537 
quic,2048,320,2971433 
quic,2048,320,3739091 
quic,2048,320,3360033 
quic,2048,320,2069097 
quic,2048,320,2724307 
quic,2048,320,3762852 
quic,2048,320,2863617 
quic,2048,320,3180347 
quic,2048,320,3333014 
quic,2048,320,3172251 
quic,2048,320,3165607 
quic,2048,320,2842154 
quic,2048,320,2984838 
quic,2048,320,2402217 
quic,2048,320,2349287 
quic,2048,320,2535689 
quic,2048,320,3290242 
quic,2048,320,3509390 
quic,2048,320,3699544 
quic,2048,320,2005444 
quic,2048,320,2962726 
quic,2048,320,3241995 
quic,2048,320,2094344 
quic,2048,320,1849786 
quic,2048,320,3006814 
quic,2048,320,3363881 
quic,2048,320,3801253 
quic,2048,320,2408023 
quic,2048,320,3039917 
quic,2048,320,2745825 
quic,2048,320,3176968 
quic,2048,320,2652138 
quic,2048,320,2770930 
quic,2048,320,2388817 
quic,2048,320,2340057 
quic,2048,320,2615101 
quic,2048,320,3286168 
quic,2048,320,3205230 
quic,2048,320,3492067 
quic,2048,320,4003959 
quic,2048,320,3017053 
quic,2048,320,3122680 
quic,2048,320,2113019 
quic,2048,320,1802796 
quic,2048,320,3104757 
quic,2048,320,3283926 
quic,2048,320,2208654 
quic,2048,320,2597424 
quic,2048,320,2989595 
quic,2048,320,3214428 
quic,2048,320,2154933 
quic,2048,320,2637012 
quic,2048,320,3266887 
quic,2048,320,3119542 
quic,2048,320,1829336 
quic,2048,320,3847486 
quic,2048,320,3204892 
quic,2048,320,3348221 
quic,2048,320,2124551 
quic,2048,320,2740744 
quic,2048,320,1973430 
quic,2048,320,2773618 
quic,2048,320,3138251 
quic,2048,320,2520098 
quic,2048,320,3693734 
quic,2048,320,2928930 
quic,2048,320,2634350 
quic,2048,320,2346585 
quic,2048,320,2928068 
quic,2048,320,3164383 
quic,2048,320,2731405 
quic,2048,320,2123843 
quic,2048,320,2899600 
quic,2048,320,3154616 
quic,2048,320,2984640 
quic,2048,320,3071943 
quic,2048,384,3900481 
quic,2048,384,3733365 
quic,2048,384,2984803 
quic,2048,384,5189828 
quic,2048,384,5440264 
quic,2048,384,4456340 
quic,2048,384,3379942 
quic,2048,384,4380979 
quic,2048,384,2427592 
quic,2048,384,2603467 
quic,2048,384,2747217 
quic,2048,384,3294378 
quic,2048,384,2947680 
quic,2048,384,2441720 
quic,2048,384,3351531 
quic,2048,384,3465887 
quic,2048,384,3067309 
quic,2048,384,3427520 
quic,2048,384,3462865 
quic,2048,384,2999433 
quic,2048,384,3350995 
quic,2048,384,3476274 
quic,2048,384,3062015 
quic,2048,384,5195631 
quic,2048,384,4611417 
quic,2048,384,2892001 
quic,2048,384,3989331 
quic,2048,384,2917475 
quic,2048,384,4405751 
quic,2048,384,3310016 
quic,2048,384,3845050 
quic,2048,384,2808045 
quic,2048,384,3575782 
quic,2048,384,2850473 
quic,2048,384,4003873 
quic,2048,384,3590940 
quic,2048,384,3928725 
quic,2048,384,4391354 
quic,2048,384,3282793 
quic,2048,384,2949203 
quic,2048,384,1820312 
quic,2048,384,3235453 
quic,2048,384,3578275 
quic,2048,384,3935340 
quic,2048,384,2573020 
quic,2048,384,2785243 
quic,2048,384,4202793 
quic,2048,384,3805054 
quic,2048,384,3578985 
quic,2048,384,4104609 
quic,2048,384,3206919 
quic,2048,384,3449698 
quic,2048,384,3493649 
quic,2048,384,3018486 
quic,2048,384,1415292 
quic,2048,384,3217476 
quic,2048,384,2472669 
quic,2048,384,3090207 
quic,2048,384,3449432 
quic,2048,384,4505559 
quic,2048,384,3763549 
quic,2048,384,3960763 
quic,2048,384,3358348 
quic,2048,384,2771026 
quic,2048,384,3645260 
quic,2048,384,5397928 
quic,2048,384,3346438 
quic,2048,384,4674847 
quic,2048,384,2908307 
quic,2048,384,3918540 
quic,2048,384,3677259 
quic,2048,384,2747874 
quic,2048,384,3100539 
quic,2048,384,3879495 
quic,2048,384,2674353 
quic,2048,384,2703908 
quic,2048,384,3633749 
quic,2048,384,5558295 
quic,2048,384,3723149 
quic,2048,384,3448036 
quic,2048,384,3537614 
quic,2048,384,4401781 
quic,2048,384,5562517 
quic,2048,384,5054699 
quic,2048,384,3786644 
quic,2048,384,2974450 
quic,2048,384,2988338 
quic,2048,384,2854740 
quic,2048,384,2680106 
quic,2048,384,4425974 
quic,2048,384,2629606 
quic,2048,384,3125182 
quic,2048,384,3631886 
quic,2048,384,2022249 
quic,2048,384,2042857 
quic,2048,384,3524145 
quic,2048,384,2114445 
quic,2048,384,2439892 
quic,2048,384,2709045 
quic,2048,384,3151428 
quic,2048,448,4554885 
quic,2048,448,4687278 
quic,2048,448,5043178 
quic,2048,448,4592412 
quic,2048,448,4760398 
quic,2048,448,4487595 
quic,2048,448,4393752 
quic,2048,448,3714555 
quic,2048,448,4075771 
quic,2048,448,3614468 
quic,2048,448,5293001 
quic,2048,448,4085048 
quic,2048,448,4495605 
quic,2048,448,3877742 
quic,2048,448,4419778 
quic,2048,448,4538994 
quic,2048,448,4310254 
quic,2048,448,4956897 
quic,2048,448,4626117 
quic,2048,448,3961843 
quic,2048,448,3394526 
quic,2048,448,4372000 
quic,2048,448,1962861 
quic,2048,448,3118911 
quic,2048,448,5503578 
quic,2048,448,4599962 
quic,2048,448,3522224 
quic,2048,448,4278959 
quic,2048,448,3295615 
quic,2048,448,4910084 
quic,2048,448,3794505 
quic,2048,448,3575362 
quic,2048,448,3835225 
quic,2048,448,3907601 
quic,2048,448,3707643 
quic,2048,448,3224083 
quic,2048,448,3064025 
quic,2048,448,3436574 
quic,2048,448,5536251 
quic,2048,448,4552995 
quic,2048,448,4358443 
quic,2048,448,4294722 
quic,2048,448,4249841 
quic,2048,448,3589238 
quic,2048,448,3914406 
quic,2048,448,3302645 
quic,2048,448,3471969 
quic,2048,448,4576316 
quic,2048,448,4306920 
quic,2048,448,3695372 
quic,2048,448,4958780 
quic,2048,448,4545999 
quic,2048,448,4505690 
quic,2048,448,4339949 
quic,2048,448,5133147 
quic,2048,448,4876812 
quic,2048,448,4902847 
quic,2048,448,3902289 
quic,2048,448,3783084 
quic,2048,448,6025271 
quic,2048,448,3479780 
quic,2048,448,2675575 
quic,2048,448,3508568 
quic,2048,448,4445740 
quic,2048,448,4006288 
quic,2048,448,6215239 
quic,2048,448,4243549 
quic,2048,448,2961552 
quic,2048,448,3805292 
quic,2048,448,3409896 
quic,2048,448,4461994 
quic,2048,448,4939261 
quic,2048,448,4614642 
quic,2048,448,4731039 
quic,2048,448,4160207 
quic,2048,448,4378333 
quic,2048,448,3460796 
quic,2048,448,4115284 
quic,2048,448,4738053 
quic,2048,448,5149508 
quic,2048,448,3513903 
quic,2048,448,4746655 
quic,2048,448,4193805 
quic,2048,448,4449256 
quic,2048,448,4348270 
quic,2048,448,4468050 
quic,2048,448,2797166 
quic,2048,448,4109522 
quic,2048,448,3952133 
quic,2048,448,4208223 
quic,2048,448,2438161 
quic,2048,448,3957881 
quic,2048,448,3563346 
quic,2048,448,4878996 
quic,2048,448,5143127 
quic,2048,448,4602228 
quic,2048,448,4511552 
quic,2048,448,4396439 
quic,2048,448,3769390 
quic,2048,448,4523599 
quic,2048,512,5104274 
quic,2048,512,3757945 
quic,2048,512,5506629 
quic,2048,512,5308597 
quic,2048,512,5537195 
quic,2048,512,4825767 
quic,2048,512,3981834 
quic,2048,512,5334308 
quic,2048,512,4537890 
quic,2048,512,4178160 
quic,2048,512,5096823 
quic,2048,512,5616094 
quic,2048,512,5136902 
quic,2048,512,4365393 
quic,2048,512,4948302 
quic,2048,512,5568990 
quic,2048,512,5527399 
quic,2048,512,6340098 
quic,2048,512,3954438 
quic,2048,512,3952261 
quic,2048,512,5374955 
quic,2048,512,5630020 
quic,2048,512,2749879 
quic,2048,512,4895163 
quic,2048,512,4860697 
quic,2048,512,5253779 
quic,2048,512,5060475 
quic,2048,512,5030620 
quic,2048,512,3693542 
quic,2048,512,5476670 
quic,2048,512,5412816 
quic,2048,512,6009075 
quic,2048,512,6267322 
quic,2048,512,4261444 
quic,2048,512,5165542 
quic,2048,512,5237057 
quic,2048,512,2731623 
quic,2048,512,1914896 
quic,2048,512,3789461 
quic,2048,512,2997999 
quic,2048,512,5329765 
quic,2048,512,4430579 
quic,2048,512,3117144 
quic,2048,512,4327454 
quic,2048,512,4685484 
quic,2048,512,5680409 
quic,2048,512,4788427 
quic,2048,512,4428098 
quic,2048,512,4211125 
quic,2048,512,5501844 
quic,2048,512,5135555 
quic,2048,512,4276655 
quic,2048,512,4195273 
quic,2048,512,3940521 
quic,2048,512,5414935 
quic,2048,512,4110855 
quic,2048,512,4945296 
quic,2048,512,4132189 
quic,2048,512,3803726 
quic,2048,512,4719290 
quic,2048,512,5881942 
quic,2048,512,4291402 
quic,2048,512,6551693 
quic,2048,512,5454214 
quic,2048,512,6471690 
quic,2048,512,6361612 
quic,2048,512,5376540 
quic,2048,512,5926572 
quic,2048,512,4342166 
quic,2048,512,4195249 
quic,2048,512,4574522 
quic,2048,512,4862098 
quic,2048,512,5049690 
quic,2048,512,4934500 
quic,2048,512,4408261 
quic,2048,512,4140415 
quic,2048,512,4891889 
quic,2048,512,5169620 
quic,2048,512,5219926 
quic,2048,512,4189067 
quic,2048,512,4623862 
quic,2048,512,4113990 
quic,2048,512,5010213 
quic,2048,512,4855002 
quic,2048,512,6078397 
quic,2048,512,5440374 
quic,2048,512,3803153 
quic,2048,512,5535633 
quic,2048,512,5393373 
quic,2048,512,4143499 
quic,2048,512,5609880 
quic,2048,512,5022486 
quic,2048,512,4868958 
quic,2048,512,5533927 
quic,2048,512,5421972 
quic,2048,512,5833500 
quic,2048,512,4047609 
quic,2048,512,3142185 
quic,2048,512,5411036 
quic,2048,512,5022871 
quic,2048,576,5039420 
quic,2048,576,5703428 
quic,2048,576,4981365 
quic,2048,576,5932479 
quic,2048,576,5110884 
quic,2048,576,5745550 
quic,2048,576,6618220 
quic,2048,576,7403941 
quic,2048,576,5237221 
quic,2048,576,6358962 
quic,2048,576,3763016 
quic,2048,576,5642537 
quic,2048,576,4861044 
quic,2048,576,3655731 
quic,2048,576,5156459 
quic,2048,576,5112255 
quic,2048,576,5182150 
quic,2048,576,5556811 
quic,2048,576,6707549 
quic,2048,576,6154677 
quic,2048,576,5805389 
quic,2048,576,5905430 
quic,2048,576,4386873 
quic,2048,576,5468158 
quic,2048,576,5081916 
quic,2048,576,6379724 
quic,2048,576,4107902 
quic,2048,576,1209217 
quic,2048,576,5696065 
quic,2048,576,5337719 
quic,2048,576,5291586 
quic,2048,576,5713852 
quic,2048,576,3649744 
quic,2048,576,3603167 
quic,2048,576,6455678 
quic,2048,576,5042687 
quic,2048,576,4801718 
quic,2048,576,5631286 
quic,2048,576,5007732 
quic,2048,576,5594334 
quic,2048,576,4273130 
quic,2048,576,3559762 
quic,2048,576,4803039 
quic,2048,576,6277614 
quic,2048,576,5153896 
quic,2048,576,4784306 
quic,2048,576,6178317 
quic,2048,576,5017065 
quic,2048,576,6143913 
quic,2048,576,6458021 
quic,2048,576,4883538 
quic,2048,576,5890900 
quic,2048,576,6233572 
quic,2048,576,4974573 
quic,2048,576,5144945 
quic,2048,576,5566599 
quic,2048,576,5678430 
quic,2048,576,4590832 
quic,2048,576,4988912 
quic,2048,576,6652359 
quic,2048,576,6616129 
quic,2048,576,4598998 
quic,2048,576,4265575 
quic,2048,576,6365915 
quic,2048,576,7099764 
quic,2048,576,4020938 
quic,2048,576,4920366 
quic,2048,576,5441364 
quic,2048,576,5452733 
quic,2048,576,4857157 
quic,2048,576,5706006 
quic,2048,576,4746788 
quic,2048,576,3347694 
quic,2048,576,4604919 
quic,2048,576,5853695 
quic,2048,576,5200891 
quic,2048,576,6978658 
quic,2048,576,4557078 
quic,2048,576,5776569 
quic,2048,576,6894815 
quic,2048,576,4202042 
quic,2048,576,6381212 
quic,2048,576,3956874 
quic,2048,576,6008955 
quic,2048,576,4927633 
quic,2048,576,6236194 
quic,2048,576,4556480 
quic,2048,576,5655715 
quic,2048,576,6069746 
quic,2048,576,5531865 
quic,2048,576,4791080 
quic,2048,576,5410454 
quic,2048,576,4698797 
quic,2048,576,4673764 
quic,2048,576,5572405 
quic,2048,576,4989692 
quic,2048,576,4684632 
quic,2048,576,5198530 
quic,2048,576,6882882 
quic,2048,576,4665680 
quic,2048,640,4109929 
quic,2048,640,7597030 
quic,2048,640,7149121 
quic,2048,640,6326993 
quic,2048,640,6580876 
quic,2048,640,7451534 
quic,2048,640,7657949 
quic,2048,640,6509108 
quic,2048,640,5958118 
quic,2048,640,5105756 
quic,2048,640,6291777 
quic,2048,640,5968579 
quic,2048,640,5690029 
quic,2048,640,4955418 
quic,2048,640,5081199 
quic,2048,640,5708019 
quic,2048,640,5421314 
quic,2048,640,5968010 
quic,2048,640,6797605 
quic,2048,640,7263453 
quic,2048,640,6365580 
quic,2048,640,6186407 
quic,2048,640,6898549 
quic,2048,640,6171904 
quic,2048,640,6232664 
quic,2048,640,5621474 
quic,2048,640,6634264 
quic,2048,640,6295523 
quic,2048,640,6312758 
quic,2048,640,5747892 
quic,2048,640,5803544 
quic,2048,640,5851820 
quic,2048,640,7002332 
quic,2048,640,5275964 
quic,2048,640,6941937 
quic,2048,640,5126895 
quic,2048,640,4808226 
quic,2048,640,6015066 
quic,2048,640,6018213 
quic,2048,640,5997450 
quic,2048,640,5615813 
quic,2048,640,7114484 
quic,2048,640,4203476 
quic,2048,640,4934307 
quic,2048,640,6836462 
quic,2048,640,4734740 
quic,2048,640,6075130 
quic,2048,640,4766238 
quic,2048,640,6355585 
quic,2048,640,6699293 
quic,2048,640,6766531 
quic,2048,640,5669694 
quic,2048,640,5780039 
quic,2048,640,6374260 
quic,2048,640,5280817 
quic,2048,640,5705036 
quic,2048,640,7690672 
quic,2048,640,5744410 
quic,2048,640,6963859 
quic,2048,640,7009676 
quic,2048,640,4184703 
quic,2048,640,5228621 
quic,2048,640,4523294 
quic,2048,640,6319936 
quic,2048,640,4786519 
quic,2048,640,6497963 
quic,2048,640,6825368 
quic,2048,640,7020933 
quic,2048,640,6168575 
quic,2048,640,7468494 
quic,2048,640,5551646 
quic,2048,640,4625441 
quic,2048,640,5295283 
quic,2048,640,7016457 
quic,2048,640,6201660 
quic,2048,640,6959486 
quic,2048,640,6798468 
quic,2048,640,6019716 
quic,2048,640,4934044 
quic,2048,640,5119321 
quic,2048,640,5564734 
quic,2048,640,5918998 
quic,2048,640,5197988 
quic,2048,640,5217949 
quic,2048,640,6166330 
quic,2048,640,6343718 
quic,2048,640,5923924 
quic,2048,640,5792296 
quic,2048,640,6385608 
quic,2048,640,7279715 
quic,2048,640,5041798 
quic,2048,640,5868424 
quic,2048,640,6530580 
quic,2048,640,5699758 
quic,2048,640,5059857 
quic,2048,640,6034178 
quic,2048,640,5594119 
quic,2048,640,5703435 
quic,2048,640,6690345 
quic,2048,640,6572849 
quic,2048,704,6040670 
quic,2048,704,4648100 
quic,2048,704,6827599 
quic,2048,704,6065997 
quic,2048,704,7290521 
quic,2048,704,6666277 
quic,2048,704,4555656 
quic,2048,704,4489455 
quic,2048,704,8787004 
quic,2048,704,6823325 
quic,2048,704,6907251 
quic,2048,704,6005698 
quic,2048,704,6223856 
quic,2048,704,5280476 
quic,2048,704,6907945 
quic,2048,704,5044009 
quic,2048,704,5525669 
quic,2048,704,7715872 
quic,2048,704,6446982 
quic,2048,704,5742384 
quic,2048,704,5172633 
quic,2048,704,6619836 
quic,2048,704,6539186 
quic,2048,704,6134635 
quic,2048,704,4740477 
quic,2048,704,6851032 
quic,2048,704,5610837 
quic,2048,704,7220959 
quic,2048,704,4532986 
quic,2048,704,5525795 
quic,2048,704,4484434 
quic,2048,704,4002912 
quic,2048,704,6932028 
quic,2048,704,5169637 
quic,2048,704,5598911 
quic,2048,704,6673069 
quic,2048,704,7216927 
quic,2048,704,7060058 
quic,2048,704,6275694 
quic,2048,704,7000017 
quic,2048,704,6781566 
quic,2048,704,7621542 
quic,2048,704,4930651 
quic,2048,704,4609572 
quic,2048,704,6256229 
quic,2048,704,7422203 
quic,2048,704,5790534 
quic,2048,704,6098571 
quic,2048,704,5540514 
quic,2048,704,6283763 
quic,2048,704,6545881 
quic,2048,704,6300265 
quic,2048,704,7024859 
quic,2048,704,6509216 
quic,2048,704,6043282 
quic,2048,704,5954553 
quic,2048,704,6954097 
quic,2048,704,6386797 
quic,2048,704,8422608 
quic,2048,704,4940632 
quic,2048,704,6738634 
quic,2048,704,7554524 
quic,2048,704,6906817 
quic,2048,704,7682316 
quic,2048,704,7649266 
quic,2048,704,7016827 
quic,2048,704,4734045 
quic,2048,704,7111310 
quic,2048,704,5169391 
quic,2048,704,7108669 
quic,2048,704,7588693 
quic,2048,704,7310695 
quic,2048,704,5079719 
quic,2048,704,6245082 
quic,2048,704,6011608 
quic,2048,704,5057726 
quic,2048,704,6640939 
quic,2048,704,5581232 
quic,2048,704,7043958 
quic,2048,704,7660570 
quic,2048,704,7289251 
quic,2048,704,6086852 
quic,2048,704,6107822 
quic,2048,704,6755615 
quic,2048,704,6195816 
quic,2048,704,6474800 
quic,2048,704,6983926 
quic,2048,704,6591503 
quic,2048,704,6494741 
quic,2048,704,7704746 
quic,2048,704,5385167 
quic,2048,704,6334536 
quic,2048,704,6182426 
quic,2048,704,5216706 
quic,2048,704,6353066 
quic,2048,704,7807636 
quic,2048,704,7018325 
quic,2048,704,7368771 
quic,2048,704,6952627 
quic,2048,704,5738468 
quic,2048,768,6527080 
quic,2048,768,7462660 
quic,2048,768,8771138 
quic,2048,768,7913068 
quic,2048,768,7299594 
quic,2048,768,7746337 
quic,2048,768,5553922 
quic,2048,768,8637936 
quic,2048,768,5694633 
quic,2048,768,5915842 
quic,2048,768,5842054 
quic,2048,768,6384038 
quic,2048,768,6916892 
quic,2048,768,6416675 
quic,2048,768,7516418 
quic,2048,768,6272093 
quic,2048,768,7136488 
quic,2048,768,7952219 
quic,2048,768,8923753 
quic,2048,768,6222179 
quic,2048,768,6804311 
quic,2048,768,6238875 
quic,2048,768,7456753 
quic,2048,768,7404086 
quic,2048,768,6964530 
quic,2048,768,7177385 
quic,2048,768,7741316 
quic,2048,768,6684311 
quic,2048,768,7494819 
quic,2048,768,7421342 
quic,2048,768,7726054 
quic,2048,768,5799184 
quic,2048,768,7933524 
quic,2048,768,7662192 
quic,2048,768,7331713 
quic,2048,768,7805443 
quic,2048,768,8749742 
quic,2048,768,7841140 
quic,2048,768,8167073 
quic,2048,768,6858723 
quic,2048,768,9035824 
quic,2048,768,7619654 
quic,2048,768,6341994 
quic,2048,768,6241051 
quic,2048,768,5728336 
quic,2048,768,6571460 
quic,2048,768,7252328 
quic,2048,768,6649413 
quic,2048,768,5917571 
quic,2048,768,6332779 
quic,2048,768,7844703 
quic,2048,768,6816956 
quic,2048,768,6537915 
quic,2048,768,8601940 
quic,2048,768,8458284 
quic,2048,768,8061555 
quic,2048,768,7909896 
quic,2048,768,7209487 
quic,2048,768,7878563 
quic,2048,768,7838714 
quic,2048,768,8598748 
quic,2048,768,7953358 
quic,2048,768,6982794 
quic,2048,768,6082261 
quic,2048,768,6370691 
quic,2048,768,8101741 
quic,2048,768,6628189 
quic,2048,768,9279683 
quic,2048,768,6858611 
quic,2048,768,6366245 
quic,2048,768,6863091 
quic,2048,768,5878391 
quic,2048,768,4452121 
quic,2048,768,7718650 
quic,2048,768,7099145 
quic,2048,768,9160257 
quic,2048,768,6412529 
quic,2048,768,7252826 
quic,2048,768,7636745 
quic,2048,768,5715891 
quic,2048,768,8385896 
quic,2048,768,8775540 
quic,2048,768,5889082 
quic,2048,768,8552159 
quic,2048,768,6970437 
quic,2048,768,9304775 
quic,2048,768,6811355 
quic,2048,768,6206866 
quic,2048,768,6993938 
quic,2048,768,6903813 
quic,2048,768,6672951 
quic,2048,768,7645316 
quic,2048,768,7199672 
quic,2048,768,5603816 
quic,2048,768,7430545 
quic,2048,768,6852078 
quic,2048,768,7977982 
quic,2048,768,7876018 
quic,2048,768,7105455 
quic,2048,832,10066464 
quic,2048,832,9021753 
quic,2048,832,2795494 
quic,2048,832,9808768 
quic,2048,832,8221106 
quic,2048,832,6979990 
quic,2048,832,6581056 
quic,2048,832,8037743 
quic,2048,832,8525037 
quic,2048,832,8412694 
quic,2048,832,6305013 
quic,2048,832,8442506 
quic,2048,832,7713819 
quic,2048,832,7529245 
quic,2048,832,9543631 
quic,2048,832,7749595 
quic,2048,832,6428692 
quic,2048,832,7132047 
quic,2048,832,8701057 
quic,2048,832,8570154 
quic,2048,832,8022657 
quic,2048,832,8818169 
quic,2048,832,6640802 
quic,2048,832,9087945 
quic,2048,832,7389937 
quic,2048,832,8201418 
quic,2048,832,8828909 
quic,2048,832,7940800 
quic,2048,832,6866731 
quic,2048,832,7478258 
quic,2048,832,8877022 
quic,2048,832,7482703 
quic,2048,832,7644074 
quic,2048,832,9190294 
quic,2048,832,7054355 
quic,2048,832,7066434 
quic,2048,832,5665189 
quic,2048,832,7742093 
quic,2048,832,8014625 
quic,2048,832,8710802 
quic,2048,832,7188872 
quic,2048,832,7529002 
quic,2048,832,8514959 
quic,2048,832,8312212 
quic,2048,832,7755520 
quic,2048,832,7794426 
quic,2048,832,7072681 
quic,2048,832,5884828 
quic,2048,832,8070226 
quic,2048,832,7988930 
quic,2048,832,6603976 
quic,2048,832,6769711 
quic,2048,832,7751057 
quic,2048,832,8506081 
quic,2048,832,9106358 
quic,2048,832,7430397 
quic,2048,832,8744992 
quic,2048,832,7969915 
quic,2048,832,8696813 
quic,2048,832,7400592 
quic,2048,832,5998052 
quic,2048,832,7889522 
quic,2048,832,8425199 
quic,2048,832,5353577 
quic,2048,832,9721137 
quic,2048,832,7559402 
quic,2048,832,6343511 
quic,2048,832,8582475 
quic,2048,832,9008086 
quic,2048,832,8130110 
quic,2048,832,7700699 
quic,2048,832,6423486 
quic,2048,832,5612735 
quic,2048,832,8029868 
quic,2048,832,5860299 
quic,2048,832,6106724 
quic,2048,832,8014865 
quic,2048,832,8195890 
quic,2048,832,7066869 
quic,2048,832,9113552 
quic,2048,832,8341051 
quic,2048,832,520655 
quic,2048,832,7712576 
quic,2048,832,7749013 
quic,2048,832,7343266 
quic,2048,832,6625335 
quic,2048,832,7054980 
quic,2048,832,8078308 
quic,2048,832,9674803 
quic,2048,832,8273424 
quic,2048,832,7409882 
quic,2048,832,9604727 
quic,2048,832,6701316 
quic,2048,832,8454923 
quic,2048,832,8769427 
quic,2048,832,7284087 
quic,2048,832,7085736 
quic,2048,832,6479230 
quic,2048,832,8078311 
quic,2048,832,8161029 
quic,2048,896,8762969 
quic,2048,896,7530057 
quic,2048,896,7224652 
quic,2048,896,8517710 
quic,2048,896,8846385 
quic,2048,896,9119114 
quic,2048,896,8675646 
quic,2048,896,7668528 
quic,2048,896,9055825 
quic,2048,896,8999004 
quic,2048,896,9124695 
quic,2048,896,9506793 
quic,2048,896,8273374 
quic,2048,896,9955410 
quic,2048,896,7522046 
quic,2048,896,7337356 
quic,2048,896,7407903 
quic,2048,896,9029028 
quic,2048,896,7133328 
quic,2048,896,8801506 
quic,2048,896,9739952 
quic,2048,896,8960732 
quic,2048,896,9566722 
quic,2048,896,8012555 
quic,2048,896,9116771 
quic,2048,896,8503719 
quic,2048,896,8283265 
quic,2048,896,9190293 
quic,2048,896,8413271 
quic,2048,896,8371284 
quic,2048,896,8421939 
quic,2048,896,10421783 
quic,2048,896,8346749 
quic,2048,896,8154349 
quic,2048,896,7230104 
quic,2048,896,9017614 
quic,2048,896,9707237 
quic,2048,896,6822049 
quic,2048,896,11020357 
quic,2048,896,7652593 
quic,2048,896,8151948 
quic,2048,896,8061466 
quic,2048,896,8607906 
quic,2048,896,11248321 
quic,2048,896,9821494 
quic,2048,896,8546343 
quic,2048,896,8569418 
quic,2048,896,8350800 
quic,2048,896,7705015 
quic,2048,896,8753963 
quic,2048,896,6987158 
quic,2048,896,3336962 
quic,2048,896,9599438 
quic,2048,896,8792570 
quic,2048,896,8383484 
quic,2048,896,8101912 
quic,2048,896,8796603 
quic,2048,896,7960516 
quic,2048,896,7074701 
quic,2048,896,8310501 
quic,2048,896,9214651 
quic,2048,896,8137450 
quic,2048,896,8137988 
quic,2048,896,6880521 
quic,2048,896,8543654 
quic,2048,896,8549676 
quic,2048,896,7728041 
quic,2048,896,8359428 
quic,2048,896,8035458 
quic,2048,896,7313568 
quic,2048,896,7669109 
quic,2048,896,9108430 
quic,2048,896,6497748 
quic,2048,896,8841329 
quic,2048,896,8691988 
quic,2048,896,8713529 
quic,2048,896,8539622 
quic,2048,896,9721127 
quic,2048,896,9649916 
quic,2048,896,7719694 
quic,2048,896,9328019 
quic,2048,896,8145084 
quic,2048,896,9065762 
quic,2048,896,7125903 
quic,2048,896,7336565 
quic,2048,896,9192570 
quic,2048,896,8134143 
quic,2048,896,7075921 
quic,2048,896,8663464 
quic,2048,896,6446528 
quic,2048,896,8084180 
quic,2048,896,8330917 
quic,2048,896,7816330 
quic,2048,896,6990380 
quic,2048,896,7707134 
quic,2048,896,8501624 
quic,2048,896,8994902 
quic,2048,896,7095868 
quic,2048,896,10328348 
quic,2048,896,8533299 
quic,2048,960,9054230 
quic,2048,960,10794308 
quic,2048,960,9961100 
quic,2048,960,8475515 
quic,2048,960,10903980 
quic,2048,960,9260635 
quic,2048,960,7522465 
quic,2048,960,6482177 
quic,2048,960,8754780 
quic,2048,960,8559477 
quic,2048,960,11667917 
quic,2048,960,9122747 
quic,2048,960,9139018 
quic,2048,960,737369 
quic,2048,960,10227922 
quic,2048,960,8208049 
quic,2048,960,8649853 
quic,2048,960,9226456 
quic,2048,960,8033678 
quic,2048,960,9163994 
quic,2048,960,9065493 
quic,2048,960,7949471 
quic,2048,960,10525868 
quic,2048,960,1990420 
quic,2048,960,8387158 
quic,2048,960,8209411 
quic,2048,960,8069487 
quic,2048,960,7998243 
quic,2048,960,12219351 
quic,2048,960,9924157 
quic,2048,960,9174852 
quic,2048,960,9003558 
quic,2048,960,10133957 
quic,2048,960,8924059 
quic,2048,960,9903383 
quic,2048,960,8067818 
quic,2048,960,9846360 
quic,2048,960,9401942 
quic,2048,960,9916645 
quic,2048,960,7296670 
quic,2048,960,8396610 
quic,2048,960,12207689 
quic,2048,960,10234026 
quic,2048,960,9916557 
quic,2048,960,10574445 
quic,2048,960,7041493 
quic,2048,960,10876462 
quic,2048,960,11225816 
quic,2048,960,8651956 
quic,2048,960,10277433 
quic,2048,960,8522038 
quic,2048,960,9441018 
quic,2048,960,9032397 
quic,2048,960,9150354 
quic,2048,960,10266692 
quic,2048,960,9092096 
quic,2048,960,8507874 
quic,2048,960,8185754 
quic,2048,960,6975144 
quic,2048,960,10575199 
quic,2048,960,8821914 
quic,2048,960,8923385 
quic,2048,960,9618255 
quic,2048,960,9076230 
quic,2048,960,9822744 
quic,2048,960,8598961 
quic,2048,960,9347972 
quic,2048,960,6985175 
quic,2048,960,7913599 
quic,2048,960,11497296 
quic,2048,960,9939596 
quic,2048,960,6463424 
quic,2048,960,7902321 
quic,2048,960,8817746 
quic,2048,960,8435184 
quic,2048,960,8752432 
quic,2048,960,7495090 
quic,2048,960,7830215 
quic,2048,960,6679744 
quic,2048,960,8094091 
quic,2048,960,9371490 
quic,2048,960,8207895 
quic,2048,960,7557064 
quic,2048,960,7046379 
quic,2048,960,10168241 
quic,2048,960,9410905 
quic,2048,960,6018016 
quic,2048,960,8388517 
quic,2048,960,7814515 
quic,2048,960,8536622 
quic,2048,960,7540040 
quic,2048,960,9129896 
quic,2048,960,11309768 
quic,2048,960,9417868 
quic,2048,960,8468019 
quic,2048,960,9723056 
quic,2048,960,10168097 
quic,2048,960,9664028 
quic,2048,960,9535390 
quic,2048,960,8129223 
quic,2048,1024,10166790 
quic,2048,1024,8358597 
quic,2048,1024,8052937 
quic,2048,1024,8774439 
quic,2048,1024,10120415 
quic,2048,1024,10602622 
quic,2048,1024,9623204 
quic,2048,1024,10673026 
quic,2048,1024,8940554 
quic,2048,1024,10197000 
quic,2048,1024,7435787 
quic,2048,1024,8482614 
quic,2048,1024,8372647 
quic,2048,1024,9527000 
quic,2048,1024,10677396 
quic,2048,1024,9366793 
quic,2048,1024,9508977 
quic,2048,1024,9740757 
quic,2048,1024,9012469 
quic,2048,1024,7989107 
quic,2048,1024,10503134 
quic,2048,1024,9799187 
quic,2048,1024,9431330 
quic,2048,1024,9469502 
quic,2048,1024,8319238 
quic,2048,1024,10138348 
quic,2048,1024,9522539 
quic,2048,1024,9139414 
quic,2048,1024,9082205 
quic,2048,1024,9080382 
quic,2048,1024,8517933 
quic,2048,1024,9399198 
quic,2048,1024,8365906 
quic,2048,1024,9398053 
quic,2048,1024,8564785 
quic,2048,1024,11442839 
quic,2048,1024,9899725 
quic,2048,1024,9716134 
quic,2048,1024,10175639 
quic,2048,1024,9302820 
quic,2048,1024,10224702 
quic,2048,1024,10681061 
quic,2048,1024,9503770 
quic,2048,1024,10918958 
quic,2048,1024,9277701 
quic,2048,1024,9067825 
quic,2048,1024,7262834 
quic,2048,1024,9663273 
quic,2048,1024,10498299 
quic,2048,1024,11326143 
quic,2048,1024,9406690 
quic,2048,1024,11188987 
quic,2048,1024,8254399 
quic,2048,1024,446669 
quic,2048,1024,9915074 
quic,2048,1024,10078903 
quic,2048,1024,9848795 
quic,2048,1024,8095141 
quic,2048,1024,10923078 
quic,2048,1024,10165510 
quic,2048,1024,9144000 
quic,2048,1024,10221484 
quic,2048,1024,9698396 
quic,2048,1024,8529931 
quic,2048,1024,9818549 
quic,2048,1024,9481618 
quic,2048,1024,9646232 
quic,2048,1024,10450615 
quic,2048,1024,10041941 
quic,2048,1024,9914691 
quic,2048,1024,13428410 
quic,2048,1024,9054819 
quic,2048,1024,7591438 
quic,2048,1024,10083216 
quic,2048,1024,11425531 
quic,2048,1024,8846140 
quic,2048,1024,11152043 
quic,2048,1024,11998625 
quic,2048,1024,9321302 
quic,2048,1024,9903573 
quic,2048,1024,9640393 
quic,2048,1024,10176582 
quic,2048,1024,8490896 
quic,2048,1024,11307126 
quic,2048,1024,11125567 
quic,2048,1024,10750862 
quic,2048,1024,9209781 
quic,2048,1024,9896839 
quic,2048,1024,8917941 
quic,2048,1024,9254792 
quic,2048,1024,10094140 
quic,2048,1024,10151528 
quic,2048,1024,8499158 
quic,2048,1024,9217928 
quic,2048,1024,10785023 
quic,2048,1024,9559582 
quic,2048,1024,10395199 
quic,2048,1024,9680222 
quic,2048,1024,6799586 
quic,2048,1024,9812794 
tcp,2048,64,1015533 
tcp,2048,64,823709 
tcp,2048,64,931538 
tcp,2048,64,1410193 
tcp,2048,64,1179545 
tcp,2048,64,1611082 
tcp,2048,64,1617484 
tcp,2048,64,1409688 
tcp,2048,64,1407933 
tcp,2048,64,912601 
tcp,2048,64,1011551 
tcp,2048,64,1416347 
tcp,2048,64,1303977 
tcp,2048,64,1170238 
tcp,2048,64,1087750 
tcp,2048,64,851101 
tcp,2048,64,1262651 
tcp,2048,64,1374912 
tcp,2048,64,1277141 
tcp,2048,64,929259 
tcp,2048,64,826647 
tcp,2048,64,1267279 
tcp,2048,64,1454899 
tcp,2048,64,1432608 
tcp,2048,64,1280869 
tcp,2048,64,1202940 
tcp,2048,64,1420543 
tcp,2048,64,1449313 
tcp,2048,64,1407984 
tcp,2048,64,1476843 
tcp,2048,64,1351690 
tcp,2048,64,1418001 
tcp,2048,64,1420140 
tcp,2048,64,1386499 
tcp,2048,64,1395661 
tcp,2048,64,1754082 
tcp,2048,64,1398017 
tcp,2048,64,1412763 
tcp,2048,64,1079301 
tcp,2048,64,1536936 
tcp,2048,64,1844999 
tcp,2048,64,1848398 
tcp,2048,64,1443046 
tcp,2048,64,1361113 
tcp,2048,64,1179138 
tcp,2048,64,1511767 
tcp,2048,64,1515880 
tcp,2048,64,1518460 
tcp,2048,64,1718429 
tcp,2048,64,1424203 
tcp,2048,64,1309358 
tcp,2048,64,1481334 
tcp,2048,64,1528209 
tcp,2048,64,1413714 
tcp,2048,64,1329517 
tcp,2048,64,1167462 
tcp,2048,64,971855 
tcp,2048,64,1445576 
tcp,2048,64,1435999 
tcp,2048,64,1134120 
tcp,2048,64,1195445 
tcp,2048,64,1407904 
tcp,2048,64,1411042 
tcp,2048,64,1512640 
tcp,2048,64,1476247 
tcp,2048,64,1350764 
tcp,2048,64,1064088 
tcp,2048,64,961857 
tcp,2048,64,1324987 
tcp,2048,64,1393263 
tcp,2048,64,1237696 
tcp,2048,64,1542876 
tcp,2048,64,1406709 
tcp,2048,64,1423980 
tcp,2048,64,1225739 
tcp,2048,64,1336376 
tcp,2048,64,1415958 
tcp,2048,64,1512798 
tcp,2048,64,1522713 
tcp,2048,64,1625348 
tcp,2048,64,1018839 
tcp,2048,64,1217060 
tcp,2048,64,1120074 
tcp,2048,64,1246572 
tcp,2048,64,1375819 
tcp,2048,64,1274397 
tcp,2048,64,1362237 
tcp,2048,64,1311238 
tcp,2048,64,1112814 
tcp,2048,64,1097631 
quic,2048,64,339023 
quic,2048,64,463660 
quic,2048,64,347112 
quic,2048,64,630730 
quic,2048,64,592822 
quic,2048,64,624484 
quic,2048,64,593540 
quic,2048,64,609552 
quic,2048,64,823777 
quic,2048,128,1090033 
quic,2048,128,1658842 
quic,2048,128,1508624 
quic,2048,128,1067010 
quic,2048,128,997490 
quic,2048,128,786200 
quic,2048,128,752423 
quic,2048,128,982412 
quic,2048,128,1076664 
quic,2048,128,1831520 
quic,2048,128,1493991 
quic,2048,128,1595965 
quic,2048,128,1531941 
quic,2048,128,1431775 
quic,2048,128,1966757 
quic,2048,128,1362486 
quic,2048,128,1050510 
quic,2048,128,1152556 
quic,2048,128,1272363 
quic,2048,128,1398165 
quic,2048,128,832908 
quic,2048,128,1084392 
quic,2048,128,1080060 
quic,2048,128,914405 
quic,2048,128,927064 
quic,2048,128,954232 
quic,2048,128,1274494 
quic,2048,128,1192983 
quic,2048,128,1263372 
quic,2048,128,1546749 
quic,2048,128,1363143 
quic,2048,128,1492253 
quic,2048,128,1918402 
quic,2048,128,1009964 
quic,2048,128,779341 
quic,2048,128,1046892 
quic,2048,128,1181687 
quic,2048,128,1115332 
quic,2048,128,1531865 
quic,2048,128,1838992 
quic,2048,128,1347513 
quic,2048,128,992706 
quic,2048,128,996033 
quic,2048,128,1364318 
quic,2048,128,1019887 
quic,2048,128,1034638 
quic,2048,128,1592139 
quic,2048,128,1063423 
quic,2048,128,1489049 
quic,2048,128,1137557 
quic,2048,128,1848144 
quic,2048,128,1752561 
quic,2048,128,1375460 
quic,2048,128,1195431 
quic,2048,128,954094 
quic,2048,128,1397750 
quic,2048,128,1130747 
quic,2048,128,623671 
quic,2048,128,802453 
quic,2048,128,977223 
quic,2048,128,843578 
quic,2048,128,1235366 
quic,2048,128,1301311 
quic,2048,128,1176690 
quic,2048,128,1421600 
quic,2048,128,1050229 
quic,2048,128,1364442 
quic,2048,128,950172 
quic,2048,128,702665 
quic,2048,128,713818 
quic,2048,128,1144903 
quic,2048,128,1237126 
quic,2048,128,1261467 
quic,2048,128,1206418 
quic,2048,128,1684784 
quic,2048,128,1464828 
quic,2048,128,1055382 
quic,2048,128,818439 
quic,2048,128,1857010 
quic,2048,128,1365248 
quic,2048,128,894997 
quic,2048,128,688578 
quic,2048,128,830009 
quic,2048,128,1422015 
quic,2048,128,1824511 
quic,2048,128,1521866 
quic,2048,128,2005654 
quic,2048,128,1510327 
quic,2048,128,1227146 
quic,2048,128,1251994 
quic,2048,128,1358610 
quic,2048,128,924692 
quic,2048,128,807366 
quic,2048,128,1222194 
quic,2048,128,946739 
quic,2048,128,1022490 
quic,2048,128,1464369 
quic,2048,128,1171908 
quic,2048,128,1300037 
quic,2048,128,1316032 
quic,2048,192,1423785 
quic,2048,192,1719136 
quic,2048,192,1759335 
quic,2048,192,1333103 
quic,2048,192,1831892 
quic,2048,192,1345574 
quic,2048,192,1379484 
quic,2048,192,1538220 
quic,2048,192,1487891 
quic,2048,192,1484430 
quic,2048,192,2427271 
quic,2048,192,1756430 
quic,2048,192,1326498 
quic,2048,192,3108377 
quic,2048,192,1738276 
quic,2048,192,2162079 
quic,2048,192,1896102 
quic,2048,192,1614956 
quic,2048,192,2032786 
quic,2048,192,1539006 
quic,2048,192,1851573 
quic,2048,192,2775442 
quic,2048,192,1200178 
quic,2048,192,2110534 
quic,2048,192,1949315 
quic,2048,192,1456421 
quic,2048,192,2023559 
quic,2048,192,1766521 
quic,2048,192,1372325 
quic,2048,192,1033961 
quic,2048,192,2140977 
quic,2048,192,2160256 
quic,2048,192,1597496 
quic,2048,192,1891941 
quic,2048,192,1544666 
quic,2048,192,1455519 
quic,2048,192,1337730 
quic,2048,192,1320954 
quic,2048,192,850559 
quic,2048,192,1782584 
quic,2048,192,2644042 
quic,2048,192,1334753 
quic,2048,192,1094421 
quic,2048,192,1658122 
quic,2048,192,2368239 
quic,2048,192,2271928 
quic,2048,192,1601864 
quic,2048,192,1923534 
quic,2048,192,1624792 
quic,2048,192,2087510 
quic,2048,192,1709430 
quic,2048,192,1616171 
quic,2048,192,2143256 
quic,2048,192,2743087 
quic,2048,192,1739455 
quic,2048,192,2242782 
quic,2048,192,1488498 
quic,2048,192,1883331 
quic,2048,192,2214602 
quic,2048,192,1593418 
quic,2048,192,1618340 
quic,2048,192,2159928 
quic,2048,192,2241798 
quic,2048,192,1956921 
quic,2048,192,1017133 
quic,2048,192,1480059 
quic,2048,192,2534154 
quic,2048,192,1575818 
quic,2048,192,1647526 
quic,2048,192,1267360 
quic,2048,192,1318289 
quic,2048,192,1643607 
quic,2048,192,2737048 
quic,2048,192,1718402 
quic,2048,192,2257418 
quic,2048,192,2477900 
quic,2048,192,1996646 
quic,2048,192,1554938 
quic,2048,192,1505357 
quic,2048,192,1819340 
quic,2048,192,1756908 
quic,2048,192,2179753 
quic,2048,192,2431633 
quic,2048,192,1965075 
quic,2048,192,2306920 
quic,2048,192,2922924 
quic,2048,192,1949100 
quic,2048,192,2225899 
quic,2048,192,2140702 
quic,2048,192,1457946 
quic,2048,192,1261302 
quic,2048,192,1758057 
quic,2048,192,1811451 
quic,2048,192,1492380 
quic,2048,192,2103655 
quic,2048,192,2831122 
quic,2048,192,1595606 
quic,2048,192,2350452 
quic,2048,192,1565883 
quic,2048,192,1223793 
quic,2048,256,2856297 
quic,2048,256,1921816 
quic,2048,256,1495994 
quic,2048,256,2022471 
quic,2048,256,2622718 
quic,2048,256,3156965 
quic,2048,256,1783937 
quic,2048,256,1910742 
quic,2048,256,2235450 
quic,2048,256,2463020 
quic,2048,256,2228299 
quic,2048,256,2288401 
quic,2048,256,2122364 
quic,2048,256,2349534 
quic,2048,256,3063094 
quic,2048,256,3009824 
quic,2048,256,2439814 
quic,2048,256,1822144 
quic,2048,256,2847843 
quic,2048,256,1803212 
quic,2048,256,2271998 
quic,2048,256,2765898 
quic,2048,256,3003922 
quic,2048,256,1901081 
quic,2048,256,1767822 
quic,2048,256,1844732 
quic,2048,256,1636982 
quic,2048,256,1578467 
quic,2048,256,2657369 
quic,2048,256,2731220 
quic,2048,256,2948915 
quic,2048,256,1898332 
quic,2048,256,2200288 
quic,2048,256,2948038 
quic,2048,256,3672985 
quic,2048,256,3380239 
quic,2048,256,2842247 
quic,2048,256,3769660 
quic,2048,256,2124455 
quic,2048,256,2541791 
quic,2048,256,1993928 
quic,2048,256,2380073 
quic,2048,256,2140328 
quic,2048,256,1695161 
quic,2048,256,1908252 
quic,2048,256,2515198 
quic,2048,256,2894370 
quic,2048,256,3247353 
quic,2048,256,3389249 
quic,2048,256,1721753 
quic,2048,256,1386600 
quic,2048,256,1342685 
quic,2048,256,1981988 
quic,2048,256,2607236 
quic,2048,256,3213162 
quic,2048,256,3415912 
quic,2048,256,1975367 
quic,2048,256,2243526 
quic,2048,256,2390990 
quic,2048,256,3185179 
quic,2048,256,1883575 
quic,2048,256,2448439 
quic,2048,256,2237838 
quic,2048,256,1319650 
quic,2048,256,2238628 
quic,2048,256,2699451 
quic,2048,256,2806638 
quic,2048,256,2878148 
quic,2048,256,2629552 
quic,2048,256,2000237 
quic,2048,256,2007858 
quic,2048,256,1569849 
quic,2048,256,1669197 
quic,2048,256,2506482 
quic,2048,256,2488305 
quic,2048,256,3445800 
quic,2048,256,2403237 
quic,2048,256,2339084 
quic,2048,256,2202344 
quic,2048,256,2040812 
quic,2048,256,1819278 
quic,2048,256,3359117 
quic,2048,256,2911536 
quic,2048,256,1950163 
quic,2048,256,2969340 
quic,2048,256,2399392 
quic,2048,256,2823505 
quic,2048,256,2644934 
quic,2048,256,3361896 
quic,2048,256,3130364 
quic,2048,256,3249032 
quic,2048,256,2808611 
quic,2048,256,2662424 
quic,2048,256,2027398 
quic,2048,256,2357811 
quic,2048,256,1337104 
quic,2048,256,1749234 
quic,2048,256,2046374 
quic,2048,256,2085616 
quic,2048,256,2328769 
quic,2048,320,3578068 
quic,2048,320,2895691 
quic,2048,320,3433817 
quic,2048,320,2535086 
quic,2048,320,2781382 
quic,2048,320,3521944 
quic,2048,320,3423981 
quic,2048,320,3799349 
quic,2048,320,2850377 
quic,2048,320,2876149 
quic,2048,320,2580091 
quic,2048,320,2725533 
quic,2048,320,2877785 
quic,2048,320,2968420 
quic,2048,320,2754244 
quic,2048,320,2779678 
quic,2048,320,2715893 
quic,2048,320,4152875 
quic,2048,320,3198266 
quic,2048,320,3342602 
quic,2048,320,3232439 
quic,2048,320,2442140 
quic,2048,320,2875292 
quic,2048,320,4376470 
quic,2048,320,3360344 
quic,2048,320,2834298 
quic,2048,320,2886630 
quic,2048,320,756417 
quic,2048,320,2311525 
quic,2048,320,2940848 
quic,2048,320,3201989 
quic,2048,320,2955569 
quic,2048,320,3323300 
quic,2048,320,2772922 
quic,2048,320,2970384 
quic,2048,320,2846506 
quic,2048,320,3942941 
quic,2048,320,2651723 
quic,2048,320,3939412 
quic,2048,320,2690036 
quic,2048,320,2431890 
quic,2048,320,2711182 
quic,2048,320,3360305 
quic,2048,320,3148408 
quic,2048,320,2396737 
quic,2048,320,2542273 
quic,2048,320,3139632 
quic,2048,320,2680657 
quic,2048,320,2149789 
quic,2048,320,3588562 
quic,2048,320,3159034 
quic,2048,320,2706122 
quic,2048,320,3257414 
quic,2048,320,3067208 
quic,2048,320,3032963 
quic,2048,320,2371594 
quic,2048,320,3341478 
quic,2048,320,3504027 
quic,2048,320,3599771 
quic,2048,320,2628210 
quic,2048,320,3977708 
quic,2048,320,3604790 
quic,2048,320,3419507 
quic,2048,320,2087851 
quic,2048,320,3486988 
quic,2048,320,3576928 
quic,2048,320,3259734 
quic,2048,320,3100144 
quic,2048,320,3505496 
quic,2048,320,2655410 
quic,2048,320,3883986 
quic,2048,320,2698659 
quic,2048,320,2917124 
quic,2048,320,2792184 
quic,2048,320,3259093 
quic,2048,320,2379444 
quic,2048,320,2243651 
quic,2048,320,3094100 
quic,2048,320,4320134 
quic,2048,320,3536780 
quic,2048,320,3927802 
quic,2048,320,3208975 
quic,2048,320,4155047 
quic,2048,320,3878802 
quic,2048,320,2997244 
quic,2048,320,3246762 
quic,2048,320,2679932 
quic,2048,320,3117462 
quic,2048,320,2412645 
quic,2048,320,2795891 
quic,2048,320,2712444 
quic,2048,320,3154977 
quic,2048,320,2257788 
quic,2048,320,3189507 
quic,2048,320,3021497 
quic,2048,320,1871382 
quic,2048,320,2628151 
quic,2048,320,2639835 
quic,2048,320,3645626 
quic,2048,320,2688096 
quic,2048,384,5020798 
quic,2048,384,3633299 
quic,2048,384,3168307 
quic,2048,384,3741066 
quic,2048,384,3087416 
quic,2048,384,3933528 
quic,2048,384,2288730 
quic,2048,384,3026488 
quic,2048,384,3391543 
quic,2048,384,3115089 
quic,2048,384,4342016 
quic,2048,384,4368729 
quic,2048,384,2825193 
quic,2048,384,4039370 
quic,2048,384,3498297 
quic,2048,384,2325994 
quic,2048,384,4598506 
quic,2048,384,4256531 
quic,2048,384,3578258 
quic,2048,384,4462424 
quic,2048,384,3230582 
quic,2048,384,2786243 
quic,2048,384,2319843 
quic,2048,384,3283638 
quic,2048,384,2977780 
quic,2048,384,3266775 
quic,2048,384,4918153 
quic,2048,384,4405515 
quic,2048,384,3129508 
quic,2048,384,2724832 
quic,2048,384,3098379 
quic,2048,384,4590247 
quic,2048,384,3459737 
quic,2048,384,3230747 
quic,2048,384,3534113 
quic,2048,384,2854152 
quic,2048,384,3548297 
quic,2048,384,2950359 
quic,2048,384,3827693 
quic,2048,384,3744924 
quic,2048,384,3696876 
quic,2048,384,4290869 
quic,2048,384,3908420 
quic,2048,384,3708320 
quic,2048,384,3917137 
quic,2048,384,3309991 
quic,2048,384,3611731 
quic,2048,384,3233005 
quic,2048,384,3771518 
quic,2048,384,4951430 
quic,2048,384,4380944 
quic,2048,384,4419824 
quic,2048,384,3459695 
quic,2048,384,3395095 
quic,2048,384,4236528 
quic,2048,384,3710212 
quic,2048,384,2904649 
quic,2048,384,2017882 
quic,2048,384,3316630 
quic,2048,384,4100880 
quic,2048,384,4341221 
quic,2048,384,2615011 
quic,2048,384,4236432 
quic,2048,384,3552465 
quic,2048,384,3177107 
quic,2048,384,2468713 
quic,2048,384,3359972 
quic,2048,384,3393912 
quic,2048,384,4532588 
quic,2048,384,4796990 
quic,2048,384,3053854 
quic,2048,384,3099186 
quic,2048,384,3337700 
quic,2048,384,4134205 
quic,2048,384,5115425 
quic,2048,384,4561759 
quic,2048,384,4464377 
quic,2048,384,4513882 
quic,2048,384,3904199 
quic,2048,384,4106825 
quic,2048,384,4636998 
quic,2048,384,3957875 
quic,2048,384,3074229 
quic,2048,384,3422224 
quic,2048,384,3946977 
quic,2048,384,3830966 
quic,2048,384,3949443 
quic,2048,384,3999416 
quic,2048,384,3348484 
quic,2048,384,4833960 
quic,2048,384,2346975 
quic,2048,384,4019435 
quic,2048,384,3571073 
quic,2048,384,2948965 
quic,2048,384,3443152 
quic,2048,384,4370671 
quic,2048,384,4709768 
quic,2048,384,3421785 
quic,2048,384,3900844 
quic,2048,384,4270275 
quic,2048,448,4031332 
quic,2048,448,3270756 
quic,2048,448,5332471 
quic,2048,448,3664240 
quic,2048,448,5190126 
quic,2048,448,3082753 
quic,2048,448,3651725 
quic,2048,448,3557540 
quic,2048,448,4571297 
quic,2048,448,4643444 
quic,2048,448,3379613 
quic,2048,448,4336263 
quic,2048,448,3560300 
quic,2048,448,2654899 
quic,2048,448,4328924 
quic,2048,448,4963117 
quic,2048,448,4665638 
quic,2048,448,3205046 
quic,2048,448,3453815 
quic,2048,448,3162962 
quic,2048,448,4493414 
quic,2048,448,3159988 
quic,2048,448,4587987 
quic,2048,448,5157222 
quic,2048,448,3494474 
quic,2048,448,4513089 
quic,2048,448,4154698 
quic,2048,448,4715307 
quic,2048,448,4036979 
quic,2048,448,3902244 
quic,2048,448,3711970 
quic,2048,448,4942247 
quic,2048,448,4698955 
quic,2048,448,2910141 
quic,2048,448,3940604 
quic,2048,448,3383235 
quic,2048,448,4474857 
quic,2048,448,3755249 
quic,2048,448,4847397 
quic,2048,448,2797335 
quic,2048,448,4487200 
quic,2048,448,5118546 
quic,2048,448,5031691 
quic,2048,448,4271879 
quic,2048,448,4678102 
quic,2048,448,4367764 
quic,2048,448,5319162 
quic,2048,448,3833763 
quic,2048,448,2897556 
quic,2048,448,5678392 
quic,2048,448,5572070 
quic,2048,448,4097664 
quic,2048,448,4004551 
quic,2048,448,2966358 
quic,2048,448,4615798 
quic,2048,448,5067840 
quic,2048,448,4619132 
quic,2048,448,5470806 
quic,2048,448,3984448 
quic,2048,448,4985785 
quic,2048,448,4419148 
quic,2048,448,3654113 
quic,2048,448,4498470 
quic,2048,448,3847106 
quic,2048,448,4277486 
quic,2048,448,4016710 
quic,2048,448,3860951 
quic,2048,448,4724476 
quic,2048,448,4901944 
quic,2048,448,5261189 
quic,2048,448,4444878 
quic,2048,448,3786745 
quic,2048,448,3776999 
quic,2048,448,5008615 
quic,2048,448,3662072 
quic,2048,448,5653121 
quic,2048,448,5176271 
quic,2048,448,4573115 
quic,2048,448,4404887 
quic,2048,448,5222961 
quic,2048,448,4500466 
quic,2048,448,5013000 
quic,2048,448,3484296 
quic,2048,448,4080995 
quic,2048,448,4027197 
quic,2048,448,4038013 
quic,2048,448,5214569 
quic,2048,448,4118626 
quic,2048,448,3753742 
quic,2048,448,5042710 
quic,2048,448,5224275 
quic,2048,448,4479895 
quic,2048,448,4708204 
quic,2048,448,2790403 
quic,2048,448,3863628 
quic,2048,448,3020889 
quic,2048,448,5615451 
quic,2048,448,4809246 
quic,2048,448,5656821 
quic,2048,448,4869067 
quic,2048,512,4928189 
quic,2048,512,4409362 
quic,2048,512,5267746 
quic,2048,512,4091296 
quic,2048,512,4319186 
quic,2048,512,4886412 
quic,2048,512,5345269 
quic,2048,512,4251006 
quic,2048,512,4604385 
quic,2048,512,4959714 
quic,2048,512,5132005 
quic,2048,512,4202913 
quic,2048,512,5644144 
quic,2048,512,5059980 
quic,2048,512,5120067 
quic,2048,512,5814498 
quic,2048,512,4195666 
quic,2048,512,7336352 
quic,2048,512,4259424 
quic,2048,512,5213800 
quic,2048,512,4402523 
quic,2048,512,4854731 
quic,2048,512,3852996 
quic,2048,512,5489026 
quic,2048,512,4006417 
quic,2048,512,3853086 
quic,2048,512,4165510 
quic,2048,512,4141666 
quic,2048,512,4672217 
quic,2048,512,5488368 
quic,2048,512,5641520 
quic,2048,512,5163329 
quic,2048,512,4644348 
quic,2048,512,4545996 
quic,2048,512,3761468 
quic,2048,512,582391 
quic,2048,512,1519621 
quic,2048,512,3490624 
quic,2048,512,4519484 
quic,2048,512,5260180 
quic,2048,512,4851575 
quic,2048,512,4240869 
quic,2048,512,5606857 
quic,2048,512,5832726 
quic,2048,512,5104316 
quic,2048,512,5422005 
quic,2048,512,4386722 
quic,2048,512,4349899 
quic,2048,512,4678089 
quic,2048,512,5138028 
quic,2048,512,4386481 
quic,2048,512,5999576 
quic,2048,512,4994002 
quic,2048,512,5066073 
quic,2048,512,5394331 
quic,2048,512,4956339 
quic,2048,512,5069415 
quic,2048,512,4621508 
quic,2048,512,5250606 
quic,2048,512,5984145 
quic,2048,512,4683671 
quic,2048,512,4879948 
quic,2048,512,4023528 
quic,2048,512,6386703 
quic,2048,512,5967744 
quic,2048,512,4867020 
quic,2048,512,3361491 
quic,2048,512,4735479 
quic,2048,512,5569815 
quic,2048,512,4706483 
quic,2048,512,4158757 
quic,2048,512,4108183 
quic,2048,512,4444786 
quic,2048,512,4584501 
quic,2048,512,4389207 
quic,2048,512,5514858 
quic,2048,512,4637214 
quic,2048,512,5146515 
quic,2048,512,3686393 
quic,2048,512,4049503 
quic,2048,512,4485285 
quic,2048,512,4880420 
quic,2048,512,6641130 
quic,2048,512,6271375 
quic,2048,512,4520829 
quic,2048,512,5881376 
quic,2048,512,4101201 
quic,2048,512,4192104 
quic,2048,512,5160576 
quic,2048,512,3437380 
quic,2048,512,3414475 
quic,2048,512,3907811 
quic,2048,512,4235499 
quic,2048,512,5627349 
quic,2048,512,3500178 
quic,2048,512,6561621 
quic,2048,512,5227017 
quic,2048,512,4695145 
quic,2048,512,6199877 
quic,2048,512,4234049 
quic,2048,576,5594110 
quic,2048,576,4791384 
quic,2048,576,5565550 
quic,2048,576,4826569 
quic,2048,576,3863126 
quic,2048,576,5133937 
quic,2048,576,6348645 
quic,2048,576,5768770 
quic,2048,576,6046044 
quic,2048,576,5797342 
quic,2048,576,5920413 
quic,2048,576,5158468 
quic,2048,576,3747963 
quic,2048,576,5421862 
quic,2048,576,5302748 
quic,2048,576,4879380 
quic,2048,576,3176151 
quic,2048,576,3970386 
quic,2048,576,5314454 
quic,2048,576,5457294 
quic,2048,576,4469413 
quic,2048,576,4896439 
quic,2048,576,6021485 
quic,2048,576,6290635 
quic,2048,576,4511282 
quic,2048,576,3829502 
quic,2048,576,5214036 
quic,2048,576,5991614 
quic,2048,576,5539057 
quic,2048,576,4031438 
quic,2048,576,4731439 
quic,2048,576,6536944 
quic,2048,576,6766024 
quic,2048,576,5714964 
quic,2048,576,4628113 
quic,2048,576,6127728 
quic,2048,576,6742233 
quic,2048,576,5583901 
quic,2048,576,6167599 
quic,2048,576,4231486 
quic,2048,576,7166809 
quic,2048,576,6561450 
quic,2048,576,4045139 
quic,2048,576,6094744 
quic,2048,576,3679571 
quic,2048,576,5420360 
quic,2048,576,6024987 
quic,2048,576,5374138 
quic,2048,576,7645801 
quic,2048,576,4822706 
quic,2048,576,6185204 
quic,2048,576,4692163 
quic,2048,576,7093008 
quic,2048,576,6009915 
quic,2048,576,5868550 
quic,2048,576,4816323 
quic,2048,576,5305407 
quic,2048,576,2195854 
quic,2048,576,3455717 
quic,2048,576,7015016 
quic,2048,576,3642354 
quic,2048,576,5593549 
quic,2048,576,5824228 
quic,2048,576,5282613 
quic,2048,576,5498862 
quic,2048,576,5874017 
quic,2048,576,5702419 
quic,2048,576,7034418 
quic,2048,576,5148845 
quic,2048,576,2931052 
quic,2048,576,4883446 
quic,2048,576,5115974 
quic,2048,576,5729522 
quic,2048,576,5213593 
quic,2048,576,4609506 
quic,2048,576,5334892 
quic,2048,576,5741712 
quic,2048,576,6032199 
quic,2048,576,7216479 
quic,2048,576,5970297 
quic,2048,576,6861773 
quic,2048,576,5524328 
quic,2048,576,5170239 
quic,2048,576,5599777 
quic,2048,576,5921512 
quic,2048,576,4960530 
quic,2048,576,5832867 
quic,2048,576,5665507 
quic,2048,576,5181513 
quic,2048,576,5045071 
quic,2048,576,5199508 
quic,2048,576,5498952 
quic,2048,576,5062376 
quic,2048,576,6156670 
quic,2048,576,5300223 
quic,2048,576,4954348 
quic,2048,576,7178623 
quic,2048,576,4522895 
quic,2048,576,4409454 
quic,2048,576,5563636 
quic,2048,640,6338473 
quic,2048,640,5645640 
quic,2048,640,4658465 
quic,2048,640,5123440 
quic,2048,640,5175597 
quic,2048,640,6734268 
quic,2048,640,6675997 
quic,2048,640,4772047 
quic,2048,640,4834489 
quic,2048,640,6186639 
quic,2048,640,5423998 
quic,2048,640,5091974 
quic,2048,640,7070077 
quic,2048,640,7073508 
quic,2048,640,4075358 
quic,2048,640,5572450 
quic,2048,640,6143030 
quic,2048,640,4787199 
quic,2048,640,5821358 
quic,2048,640,5897784 
quic,2048,640,5093482 
quic,2048,640,7366208 
quic,2048,640,6044750 
quic,2048,640,4175391 
quic,2048,640,4630670 
quic,2048,640,4918512 
quic,2048,640,5171469 
quic,2048,640,4752368 
quic,2048,640,5421116 
quic,2048,640,6169187 
quic,2048,640,5681291 
quic,2048,640,5979034 
quic,2048,640,3457890 
quic,2048,640,6689330 
quic,2048,640,6029066 
quic,2048,640,5658687 
quic,2048,640,6954552 
quic,2048,640,5830724 
quic,2048,640,5928720 
quic,2048,640,5571866 
quic,2048,640,4611274 
quic,2048,640,5594164 
quic,2048,640,6011969 
quic,2048,640,5835686 
quic,2048,640,5998907 
quic,2048,640,7529272 
quic,2048,640,4986562 
quic,2048,640,5526223 
quic,2048,640,8132491 
quic,2048,640,7519618 
quic,2048,640,6190101 
quic,2048,640,6469682 
quic,2048,640,4983998 
quic,2048,640,5191430 
quic,2048,640,6165558 
quic,2048,640,7424469 
quic,2048,640,7062837 
quic,2048,640,5123041 
quic,2048,640,4177010 
quic,2048,640,6323826 
quic,2048,640,4649661 
quic,2048,640,7529084 
quic,2048,640,6265188 
quic,2048,640,4992991 
quic,2048,640,4659669 
quic,2048,640,5553190 
quic,2048,640,5356363 
quic,2048,640,6212444 
quic,2048,640,6576315 
quic,2048,640,4828060 
quic,2048,640,5445777 
quic,2048,640,6652315 
quic,2048,640,6071486 
quic,2048,640,6554606 
quic,2048,640,4463567 
quic,2048,640,8491493 
quic,2048,640,5923476 
quic,2048,640,6684871 
quic,2048,640,6041622 
quic,2048,640,6094190 
quic,2048,640,5864472 
quic,2048,640,6106303 
quic,2048,640,6155925 
quic,2048,640,4499711 
quic,2048,640,6568738 
quic,2048,640,6194816 
quic,2048,640,5704273 
quic,2048,640,5672908 
quic,2048,640,4824589 
quic,2048,640,5111452 
quic,2048,640,6902457 
quic,2048,640,6624649 
quic,2048,640,6690179 
quic,2048,640,4393703 
quic,2048,640,6593209 
quic,2048,640,4955760 
quic,2048,640,6367172 
quic,2048,640,6088353 
quic,2048,640,6550532 
quic,2048,640,4496996 
quic,2048,704,6419848 
quic,2048,704,6174829 
quic,2048,704,8287334 
quic,2048,704,7167346 
quic,2048,704,6340993 
quic,2048,704,7481019 
quic,2048,704,5193111 
quic,2048,704,8142191 
quic,2048,704,6923898 
quic,2048,704,4864952 
quic,2048,704,7558317 
quic,2048,704,8032062 
quic,2048,704,6070205 
quic,2048,704,6396871 
quic,2048,704,6809377 
quic,2048,704,5570735 
quic,2048,704,5968917 
quic,2048,704,4172539 
quic,2048,704,5629544 
quic,2048,704,6501368 
quic,2048,704,6801289 
quic,2048,704,7380740 
quic,2048,704,6050898 
quic,2048,704,7288651 
quic,2048,704,7232143 
quic,2048,704,6803210 
quic,2048,704,6607583 
quic,2048,704,4577284 
quic,2048,704,4912072 
quic,2048,704,5594886 
quic,2048,704,5779119 
quic,2048,704,6837613 
quic,2048,704,6111014 
quic,2048,704,6233145 
quic,2048,704,7572682 
quic,2048,704,6793562 
quic,2048,704,6819923 
quic,2048,704,6075174 
quic,2048,704,7406876 
quic,2048,704,6761973 
quic,2048,704,5981417 
quic,2048,704,7200203 
quic,2048,704,6388220 
quic,2048,704,5783557 
quic,2048,704,5751929 
quic,2048,704,8643440 
quic,2048,704,7288290 
quic,2048,704,6969626 
quic,2048,704,7225157 
quic,2048,704,6721568 
quic,2048,704,5766447 
quic,2048,704,6691380 
quic,2048,704,7298313 
quic,2048,704,5498094 
quic,2048,704,5600756 
quic,2048,704,4978453 
quic,2048,704,6865472 
quic,2048,704,6714639 
quic,2048,704,7258766 
quic,2048,704,6208036 
