quic,2048,64,341519 
quic,2048,64,289603 
quic,2048,64,468829 
quic,2048,64,658215 
quic,2048,64,816301 
quic,2048,64,869919 
quic,2048,64,529593 
quic,2048,64,1120994 
quic,2048,64,638733 
quic,2048,64,360197 
quic,2048,64,593733 
quic,2048,64,814230 
quic,2048,64,771263 
quic,2048,64,388987 
quic,2048,64,434020 
quic,2048,64,453404 
quic,2048,64,474236 
quic,2048,64,571236 
quic,2048,64,448691 
quic,2048,64,339697 
quic,2048,64,266894 
quic,2048,64,394583 
quic,2048,64,510030 
quic,2048,64,632141 
quic,2048,64,581586 
quic,2048,64,730284 
quic,2048,64,1317004 
quic,2048,64,703948 
quic,2048,64,623404 
quic,2048,64,607634 
quic,2048,64,814434 
quic,2048,64,404109 
quic,2048,64,658702 
quic,2048,64,512468 
quic,2048,64,652191 
quic,2048,64,636862 
quic,2048,64,506133 
quic,2048,64,484479 
quic,2048,64,323307 
quic,2048,64,408013 
quic,2048,64,506252 
quic,2048,64,417726 
quic,2048,64,506435 
quic,2048,64,545090 
quic,2048,64,406620 
quic,2048,64,694217 
quic,2048,64,673351 
quic,2048,64,517936 
quic,2048,64,579961 
quic,2048,64,627615 
quic,2048,64,411891 
quic,2048,64,554258 
quic,2048,64,413728 
quic,2048,64,764696 
quic,2048,64,530210 
quic,2048,64,489136 
quic,2048,64,582445 
quic,2048,64,518600 
quic,2048,64,535522 
quic,2048,64,659231 
quic,2048,64,619255 
quic,2048,64,714749 
quic,2048,64,568385 
quic,2048,64,615776 
quic,2048,64,998731 
quic,2048,64,623844 
quic,2048,64,369499 
quic,2048,64,252042 
quic,2048,64,451983 
quic,2048,64,519631 
quic,2048,64,600217 
quic,2048,64,500895 
quic,2048,64,609751 
quic,2048,64,614075 
quic,2048,64,653223 
quic,2048,64,733397 
quic,2048,64,405209 
quic,2048,64,382899 
quic,2048,64,485355 
quic,2048,64,629751 
quic,2048,64,860821 
quic,2048,64,458510 
quic,2048,64,410134 
quic,2048,64,583419 
quic,2048,64,487600 
quic,2048,64,694593 
quic,2048,64,771632 
quic,2048,64,626429 
quic,2048,64,900068 
quic,2048,64,925633 
quic,2048,64,594428 
quic,2048,64,1017353 
quic,2048,64,727515 
quic,2048,64,622861 
quic,2048,64,601432 
quic,2048,64,694004 
quic,2048,64,512110 
quic,2048,64,402078 
quic,2048,64,323731 
quic,2048,64,510071 
quic,2048,128,851247 
quic,2048,128,904286 
quic,2048,128,1075498 
quic,2048,128,1203886 
quic,2048,128,1131990 
quic,2048,128,736544 
quic,2048,128,970648 
quic,2048,128,1149886 
quic,2048,128,1395703 
quic,2048,128,1119049 
quic,2048,128,1483536 
quic,2048,128,1003923 
quic,2048,128,814042 
quic,2048,128,1445607 
quic,2048,128,1085341 
quic,2048,128,1199052 
quic,2048,128,1206293 
quic,2048,128,1015984 
quic,2048,128,1079663 
quic,2048,128,1020285 
quic,2048,128,1256465 
quic,2048,128,985508 
quic,2048,128,929783 
quic,2048,128,1387778 
quic,2048,128,812521 
quic,2048,128,816382 
quic,2048,128,1068248 
quic,2048,128,849577 
quic,2048,128,968110 
quic,2048,128,1393956 
quic,2048,128,844048 
quic,2048,128,754739 
quic,2048,128,1315678 
quic,2048,128,1516407 
quic,2048,128,1597930 
quic,2048,128,2016954 
quic,2048,128,1282353 
quic,2048,128,1402361 
quic,2048,128,1000021 
quic,2048,128,1354451 
quic,2048,128,1612802 
quic,2048,128,922286 
quic,2048,128,1564648 
quic,2048,128,1396323 
quic,2048,128,1015841 
quic,2048,128,838733 
quic,2048,128,767772 
quic,2048,128,724943 
quic,2048,128,913209 
quic,2048,128,1034083 
quic,2048,128,1431367 
quic,2048,128,1338940 
quic,2048,128,1428795 
quic,2048,128,1216960 
quic,2048,128,938344 
quic,2048,128,1257362 
quic,2048,128,1209023 
quic,2048,128,1139964 
quic,2048,128,1745633 
quic,2048,128,1283138 
quic,2048,128,1465066 
quic,2048,128,767880 
quic,2048,128,1334966 
quic,2048,128,1688788 
quic,2048,128,1453277 
quic,2048,128,916021 
quic,2048,128,1152359 
quic,2048,128,1423491 
quic,2048,128,1296980 
quic,2048,128,1230259 
quic,2048,128,1433384 
quic,2048,128,824175 
quic,2048,128,611465 
quic,2048,128,1069474 
quic,2048,128,1031108 
quic,2048,128,993602 
quic,2048,128,1199478 
quic,2048,128,1492736 
quic,2048,128,984430 
quic,2048,128,1767086 
quic,2048,128,1257405 
quic,2048,128,959108 
quic,2048,128,1134530 
quic,2048,128,1042111 
quic,2048,128,1448105 
quic,2048,128,1528543 
quic,2048,128,1198915 
quic,2048,128,1145478 
quic,2048,128,1572872 
quic,2048,128,902551 
quic,2048,128,1299946 
quic,2048,128,1417513 
quic,2048,128,960524 
quic,2048,128,914773 
quic,2048,128,1103847 
quic,2048,128,915405 
quic,2048,128,572781 
quic,2048,128,726081 
quic,2048,128,1013501 
quic,2048,128,1273007 
quic,2048,192,2151562 
quic,2048,192,1849783 
quic,2048,192,2472443 
quic,2048,192,2255442 
quic,2048,192,2828299 
quic,2048,192,1797435 
quic,2048,192,2028694 
quic,2048,192,1967047 
quic,2048,192,1284624 
quic,2048,192,1630075 
quic,2048,192,2735416 
quic,2048,192,2160411 
quic,2048,192,2037060 
quic,2048,192,2582136 
quic,2048,192,2138302 
quic,2048,192,1546741 
quic,2048,192,1652151 
quic,2048,192,1825872 
quic,2048,192,1592447 
quic,2048,192,2351637 
quic,2048,192,1533005 
quic,2048,192,1899867 
quic,2048,192,1671902 
quic,2048,192,1537305 
quic,2048,192,1399161 
quic,2048,192,1471524 
quic,2048,192,1516469 
quic,2048,192,1917722 
quic,2048,192,1536763 
quic,2048,192,2309481 
quic,2048,192,2173003 
quic,2048,192,1620541 
quic,2048,192,2906928 
quic,2048,192,2214260 
quic,2048,192,2795538 
quic,2048,192,2577777 
quic,2048,192,1726165 
quic,2048,192,2106935 
quic,2048,192,1219721 
quic,2048,192,2410023 
quic,2048,192,2048696 
quic,2048,192,2228139 
quic,2048,192,1739178 
quic,2048,192,2145607 
quic,2048,192,1892477 
quic,2048,192,2118825 
quic,2048,192,2464397 
quic,2048,192,1798104 
quic,2048,192,1869954 
quic,2048,192,1676584 
quic,2048,192,2473525 
quic,2048,192,2293874 
quic,2048,192,2752367 
quic,2048,192,1866234 
quic,2048,192,1950673 
quic,2048,192,2805096 
quic,2048,192,1886382 
quic,2048,192,1957353 
quic,2048,192,1137444 
quic,2048,192,1607246 
quic,2048,192,1859518 
quic,2048,192,1551352 
quic,2048,192,1282774 
quic,2048,192,1974944 
quic,2048,192,1561794 
quic,2048,192,1679260 
quic,2048,192,1811864 
quic,2048,192,1491494 
quic,2048,192,1756068 
quic,2048,192,1673777 
quic,2048,192,1538207 
quic,2048,192,1893852 
quic,2048,192,1991589 
quic,2048,192,1817090 
quic,2048,192,2205908 
quic,2048,192,1343945 
quic,2048,192,1471347 
quic,2048,192,1521271 
quic,2048,192,2033431 
quic,2048,192,1607224 
quic,2048,192,1402732 
quic,2048,192,1422068 
quic,2048,192,2090308 
quic,2048,192,1860721 
quic,2048,192,2063111 
quic,2048,192,1326287 
quic,2048,192,1786704 
quic,2048,192,1641183 
quic,2048,192,1578016 
quic,2048,192,1970505 
quic,2048,192,1904760 
quic,2048,192,1495267 
quic,2048,192,1717021 
quic,2048,192,1896639 
quic,2048,192,1958911 
quic,2048,192,1606872 
quic,2048,192,1879338 
quic,2048,192,1297007 
quic,2048,192,1545309 
quic,2048,192,1095213 
quic,2048,256,2251232 
quic,2048,256,2035170 
quic,2048,256,2155094 
quic,2048,256,3130235 
quic,2048,256,2221064 
quic,2048,256,2346917 
quic,2048,256,2867021 
quic,2048,256,2899863 
quic,2048,256,2377372 
quic,2048,256,2899481 
quic,2048,256,2440653 
quic,2048,256,2101010 
quic,2048,256,2683012 
quic,2048,256,3021274 
quic,2048,256,2995035 
quic,2048,256,2317653 
quic,2048,256,3262210 
quic,2048,256,2653580 
quic,2048,256,2628339 
quic,2048,256,2723539 
quic,2048,256,3198910 
quic,2048,256,2521232 
quic,2048,256,3101972 
quic,2048,256,1460026 
quic,2048,256,1532916 
quic,2048,256,2373015 
quic,2048,256,2420902 
quic,2048,256,1999338 
quic,2048,256,2180929 
quic,2048,256,3355211 
quic,2048,256,2099984 
quic,2048,256,2904372 
quic,2048,256,1868753 
quic,2048,256,2860972 
quic,2048,256,3029652 
quic,2048,256,2561185 
quic,2048,256,1697690 
quic,2048,256,2308565 
quic,2048,256,1781073 
quic,2048,256,2294245 
quic,2048,256,2526767 
quic,2048,256,2662353 
quic,2048,256,3300613 
quic,2048,256,2535033 
quic,2048,256,2794191 
quic,2048,256,3150393 
quic,2048,256,3460364 
quic,2048,256,2621958 
quic,2048,256,2777370 
quic,2048,256,2510909 
quic,2048,256,2314718 
quic,2048,256,1943926 
quic,2048,256,2589125 
quic,2048,256,2243949 
quic,2048,256,2470652 
quic,2048,256,2573047 
quic,2048,256,1810348 
quic,2048,256,2177807 
quic,2048,256,1923180 
quic,2048,256,3445280 
quic,2048,256,2099573 
quic,2048,256,2520236 
quic,2048,256,3075108 
quic,2048,256,2353990 
quic,2048,256,2219377 
quic,2048,256,1942017 
quic,2048,256,1492218 
quic,2048,256,1648979 
quic,2048,256,2269626 
quic,2048,256,2411070 
quic,2048,256,2429693 
quic,2048,256,2113134 
quic,2048,256,2366239 
quic,2048,256,1939816 
quic,2048,256,2701809 
quic,2048,256,2833075 
quic,2048,256,2305058 
quic,2048,256,2343383 
quic,2048,256,2278677 
quic,2048,256,2378252 
quic,2048,256,2371723 
quic,2048,256,2227373 
quic,2048,256,2779954 
quic,2048,256,2543638 
quic,2048,256,2777897 
quic,2048,256,1755823 
quic,2048,256,2901803 
quic,2048,256,1689522 
quic,2048,256,2423238 
quic,2048,256,1966623 
quic,2048,256,3301252 
quic,2048,256,2914302 
quic,2048,256,2193631 
quic,2048,256,2789362 
quic,2048,256,3272438 
quic,2048,256,2884878 
quic,2048,256,2600043 
quic,2048,256,2277176 
quic,2048,256,2802735 
quic,2048,256,2071944 
quic,2048,320,2823775 
quic,2048,320,3559815 
quic,2048,320,2734002 
quic,2048,320,4253149 
quic,2048,320,3496721 
quic,2048,320,2972208 
quic,2048,320,3740723 
quic,2048,320,1898319 
quic,2048,320,3903023 
quic,2048,320,3134819 
quic,2048,320,3560411 
quic,2048,320,3774793 
quic,2048,320,2631991 
quic,2048,320,2988300 
quic,2048,320,2998629 
quic,2048,320,3679012 
quic,2048,320,2766267 
quic,2048,320,2518234 
quic,2048,320,2085350 
quic,2048,320,2865362 
quic,2048,320,4050792 
quic,2048,320,2683187 
quic,2048,320,3058567 
quic,2048,320,2590455 
quic,2048,320,3168574 
quic,2048,320,3046264 
quic,2048,320,2995380 
quic,2048,320,2619863 
quic,2048,320,2838150 
quic,2048,320,2916531 
quic,2048,320,2858779 
quic,2048,320,2468302 
quic,2048,320,2553037 
quic,2048,320,2664691 
quic,2048,320,3009015 
quic,2048,320,3435339 
quic,2048,320,2978446 
quic,2048,320,2753184 
quic,2048,320,1998643 
quic,2048,320,2745161 
quic,2048,320,3448927 
quic,2048,320,3368348 
quic,2048,320,2760016 
quic,2048,320,2422957 
quic,2048,320,4114942 
quic,2048,320,2892436 
quic,2048,320,1867608 
quic,2048,320,3072327 
quic,2048,320,1956319 
quic,2048,320,2428950 
quic,2048,320,2362354 
quic,2048,320,2552413 
quic,2048,320,3834622 
quic,2048,320,2913516 
quic,2048,320,3531104 
quic,2048,320,2833336 
quic,2048,320,2592765 
quic,2048,320,3121445 
quic,2048,320,2490090 
quic,2048,320,2865537 
quic,2048,320,1680451 
quic,2048,320,3400317 
quic,2048,320,3223293 
quic,2048,320,3348721 
quic,2048,320,2432378 
quic,2048,320,3640706 
quic,2048,320,3609551 
quic,2048,320,2877405 
quic,2048,320,2366935 
quic,2048,320,2533204 
quic,2048,320,3285319 
quic,2048,320,2863465 
quic,2048,320,2778631 
quic,2048,320,3105523 
quic,2048,320,3523430 
quic,2048,320,3621103 
quic,2048,320,3253851 
quic,2048,320,3651418 
quic,2048,320,2644610 
quic,2048,320,2538957 
quic,2048,320,2565096 
quic,2048,320,3170621 
quic,2048,320,2630327 
quic,2048,320,3353563 
quic,2048,320,1838507 
quic,2048,320,3086228 
quic,2048,320,2809326 
quic,2048,320,3432172 
quic,2048,320,3544101 
quic,2048,320,2528701 
quic,2048,320,3194269 
quic,2048,320,2514721 
quic,2048,320,1947501 
quic,2048,320,2374363 
quic,2048,320,3377944 
quic,2048,320,2844960 
quic,2048,320,1862632 
quic,2048,320,2514884 
quic,2048,320,2550104 
quic,2048,320,1907243 
quic,2048,384,3165180 
quic,2048,384,5312017 
quic,2048,384,3552355 
quic,2048,384,4388426 
quic,2048,384,4651059 
quic,2048,384,4030164 
quic,2048,384,4738333 
quic,2048,384,4008533 
quic,2048,384,5080431 
quic,2048,384,2961857 
quic,2048,384,3052165 
quic,2048,384,3414657 
quic,2048,384,3663003 
quic,2048,384,4172013 
quic,2048,384,4162140 
quic,2048,384,3797495 
quic,2048,384,3955771 
quic,2048,384,3510778 
quic,2048,384,3475084 
quic,2048,384,2967467 
quic,2048,384,2935656 
quic,2048,384,3843375 
quic,2048,384,3376791 
quic,2048,384,2252583 
quic,2048,384,3652247 
quic,2048,384,5254391 
quic,2048,384,4106721 
quic,2048,384,3523735 
quic,2048,384,4125791 
quic,2048,384,3374060 
quic,2048,384,3006362 
quic,2048,384,4128974 
quic,2048,384,4073475 
quic,2048,384,4657797 
quic,2048,384,3935155 
quic,2048,384,4343434 
quic,2048,384,4467306 
quic,2048,384,4630394 
quic,2048,384,2918547 
quic,2048,384,2768730 
quic,2048,384,3107638 
quic,2048,384,3747772 
quic,2048,384,3102385 
quic,2048,384,3529633 
quic,2048,384,3330935 
quic,2048,384,3629716 
quic,2048,384,3195706 
quic,2048,384,2618753 
quic,2048,384,2868935 
quic,2048,384,3392392 
quic,2048,384,2317389 
quic,2048,384,3502651 
quic,2048,384,3026229 
quic,2048,384,3631434 
quic,2048,384,3305458 
quic,2048,384,3302885 
quic,2048,384,4039191 
quic,2048,384,4802754 
quic,2048,384,2908520 
quic,2048,384,3641621 
quic,2048,384,3739359 
quic,2048,384,3796748 
quic,2048,384,3471824 
quic,2048,384,2530800 
quic,2048,384,2317928 
quic,2048,384,2168970 
quic,2048,384,2303596 
quic,2048,384,4026084 
quic,2048,384,3528946 
quic,2048,384,4518594 
quic,2048,384,3697035 
quic,2048,384,2941697 
quic,2048,384,3740174 
quic,2048,384,3333558 
quic,2048,384,3886594 
quic,2048,384,4145334 
quic,2048,384,3646294 
quic,2048,384,2335275 
quic,2048,384,3247831 
quic,2048,384,3466876 
quic,2048,384,5182264 
quic,2048,384,3584953 
quic,2048,384,3469490 
quic,2048,384,3257192 
quic,2048,384,3543559 
quic,2048,384,4992701 
quic,2048,384,3553652 
quic,2048,384,4244430 
quic,2048,384,3488927 
quic,2048,384,2615916 
quic,2048,384,3687317 
quic,2048,384,3042217 
quic,2048,384,3353044 
quic,2048,384,3493915 
quic,2048,384,4318705 
quic,2048,384,2923041 
quic,2048,384,3215107 
quic,2048,384,3221293 
quic,2048,384,2959100 
quic,2048,448,2824026 
quic,2048,448,3742733 
quic,2048,448,4393583 
quic,2048,448,4009642 
quic,2048,448,4815334 
quic,2048,448,3786843 
quic,2048,448,4107963 
quic,2048,448,3415274 
quic,2048,448,3555959 
quic,2048,448,3600700 
quic,2048,448,3816525 
quic,2048,448,4010950 
quic,2048,448,2994243 
quic,2048,448,3642502 
quic,2048,448,4562847 
quic,2048,448,2651254 
quic,2048,448,4502441 
quic,2048,448,4591121 
quic,2048,448,4314894 
quic,2048,448,4312238 
quic,2048,448,5364979 
quic,2048,448,4341735 
quic,2048,448,4439040 
quic,2048,448,4482813 
quic,2048,448,5609571 
quic,2048,448,4698889 
quic,2048,448,5945155 
quic,2048,448,4081836 
quic,2048,448,5463892 
quic,2048,448,2681505 
quic,2048,448,3020756 
quic,2048,448,3841493 
quic,2048,448,5068335 
quic,2048,448,4847225 
quic,2048,448,4742740 
quic,2048,448,6426197 
quic,2048,448,4372531 
quic,2048,448,4376812 
quic,2048,448,4238091 
quic,2048,448,4696078 
quic,2048,448,3759125 
quic,2048,448,2952467 
quic,2048,448,3882890 
quic,2048,448,3066930 
quic,2048,448,3188519 
quic,2048,448,3601400 
quic,2048,448,4785207 
quic,2048,448,5323011 
quic,2048,448,3369004 
quic,2048,448,3801133 
quic,2048,448,4723754 
quic,2048,448,5348808 
quic,2048,448,4475831 
quic,2048,448,5342975 
quic,2048,448,4919050 
quic,2048,448,4799403 
quic,2048,448,3834227 
quic,2048,448,4905116 
quic,2048,448,4765236 
quic,2048,448,4328089 
quic,2048,448,5620848 
quic,2048,448,4766885 
quic,2048,448,4416958 
quic,2048,448,4393448 
quic,2048,448,3030565 
quic,2048,448,4036150 
quic,2048,448,4006192 
quic,2048,448,3729732 
quic,2048,448,4490197 
quic,2048,448,2911331 
quic,2048,448,4739117 
quic,2048,448,4584207 
quic,2048,448,5583873 
quic,2048,448,3589895 
quic,2048,448,3741411 
quic,2048,448,4113217 
quic,2048,448,4127998 
quic,2048,448,5071985 
quic,2048,448,3206654 
quic,2048,448,4360072 
quic,2048,448,5347395 
quic,2048,448,4569624 
quic,2048,448,4013611 
quic,2048,448,2977761 
quic,2048,448,4689927 
quic,2048,448,4112436 
quic,2048,448,4177454 
quic,2048,448,4559222 
quic,2048,448,4279064 
quic,2048,448,3870823 
quic,2048,448,4834230 
quic,2048,448,4074492 
quic,2048,448,4269763 
quic,2048,448,3530859 
quic,2048,448,4208015 
quic,2048,448,3789554 
quic,2048,448,5418401 
quic,2048,448,4713772 
quic,2048,448,4175773 
quic,2048,448,5004901 
quic,2048,512,5587478 
quic,2048,512,4821093 
quic,2048,512,4087522 
quic,2048,512,3576093 
quic,2048,512,4016661 
quic,2048,512,3709759 
quic,2048,512,4318948 
quic,2048,512,4382169 
quic,2048,512,4777014 
quic,2048,512,5311197 
quic,2048,512,4320283 
quic,2048,512,4110452 
quic,2048,512,5274339 
quic,2048,512,6324296 
quic,2048,512,4353500 
quic,2048,512,3916005 
quic,2048,512,4825892 
quic,2048,512,5609675 
quic,2048,512,5990117 
quic,2048,512,5072192 
quic,2048,512,4131419 
quic,2048,512,5227083 
quic,2048,512,4698603 
quic,2048,512,2668426 
quic,2048,512,5317267 
quic,2048,512,3417339 
quic,2048,512,4909896 
quic,2048,512,4286971 
quic,2048,512,4796204 
quic,2048,512,4576403 
quic,2048,512,4531826 
quic,2048,512,3663862 
quic,2048,512,3011883 
quic,2048,512,4548885 
quic,2048,512,4580628 
quic,2048,512,4807695 
quic,2048,512,3844994 
quic,2048,512,4372975 
quic,2048,512,5192855 
quic,2048,512,5134293 
quic,2048,512,4734551 
quic,2048,512,5256885 
quic,2048,512,5322986 
quic,2048,512,4159197 
quic,2048,512,5164868 
quic,2048,512,5110377 
quic,2048,512,5249647 
quic,2048,512,3569678 
quic,2048,512,4435601 
quic,2048,512,4097186 
quic,2048,512,5432096 
quic,2048,512,4646615 
quic,2048,512,4885002 
quic,2048,512,4511596 
quic,2048,512,5494885 
quic,2048,512,4036060 
quic,2048,512,4809213 
quic,2048,512,5223301 
quic,2048,512,3863625 
quic,2048,512,5217406 
quic,2048,512,5972011 
quic,2048,512,4727855 
quic,2048,512,4637824 
quic,2048,512,3593238 
quic,2048,512,5929843 
quic,2048,512,5363731 
quic,2048,512,5071156 
quic,2048,512,5854476 
quic,2048,512,5266608 
quic,2048,512,6626330 
quic,2048,512,4818956 
quic,2048,512,4173775 
quic,2048,512,4617356 
quic,2048,512,4091933 
quic,2048,512,5488467 
quic,2048,512,3157859 
quic,2048,512,5202326 
quic,2048,512,4892938 
quic,2048,512,5724253 
quic,2048,512,5745924 
quic,2048,512,4506728 
quic,2048,512,5183572 
quic,2048,512,4752712 
quic,2048,512,5749550 
quic,2048,512,5853380 
quic,2048,512,4327355 
quic,2048,512,4289707 
quic,2048,512,6743917 
quic,2048,512,5897174 
quic,2048,512,4625301 
quic,2048,512,4624613 
quic,2048,512,5410914 
quic,2048,512,4546217 
quic,2048,512,4958607 
quic,2048,512,4157412 
quic,2048,512,4085942 
quic,2048,512,5338471 
quic,2048,512,4758750 
quic,2048,512,4141290 
quic,2048,512,4952946 
quic,2048,576,5101995 
quic,2048,576,4546789 
quic,2048,576,4710116 
quic,2048,576,5704827 
quic,2048,576,5418939 
quic,2048,576,5856502 
quic,2048,576,5374650 
quic,2048,576,6037330 
quic,2048,576,4661959 
quic,2048,576,6859806 
quic,2048,576,5066260 
quic,2048,576,3300382 
quic,2048,576,4177156 
quic,2048,576,4016640 
quic,2048,576,6122012 
quic,2048,576,4641785 
quic,2048,576,4893484 
quic,2048,576,5318951 
quic,2048,576,5931958 
quic,2048,576,5346888 
quic,2048,576,5823049 
quic,2048,576,5002350 
quic,2048,576,5745610 
quic,2048,576,3996796 
quic,2048,576,5144601 
quic,2048,576,6339068 
quic,2048,576,5909999 
quic,2048,576,5532159 
quic,2048,576,3888135 
quic,2048,576,4700280 
quic,2048,576,6066894 
quic,2048,576,5912971 
quic,2048,576,6324654 
quic,2048,576,5927239 
quic,2048,576,5091939 
quic,2048,576,4994919 
quic,2048,576,5638777 
quic,2048,576,5225471 
quic,2048,576,6123297 
quic,2048,576,5798445 
quic,2048,576,6001827 
quic,2048,576,4256084 
quic,2048,576,6055861 
quic,2048,576,4701586 
quic,2048,576,5106756 
quic,2048,576,5454805 
quic,2048,576,666463 
quic,2048,576,7012739 
quic,2048,576,4892676 
quic,2048,576,4596135 
quic,2048,576,5148157 
quic,2048,576,5733073 
quic,2048,576,4574268 
quic,2048,576,6052636 
quic,2048,576,5605873 
quic,2048,576,4086546 
quic,2048,576,4538217 
quic,2048,576,6479117 
quic,2048,576,3901561 
quic,2048,576,6611618 
quic,2048,576,5442755 
quic,2048,576,4654558 
quic,2048,576,4299136 
quic,2048,576,3248608 
quic,2048,576,4513957 
quic,2048,576,5629904 
quic,2048,576,6506796 
quic,2048,576,4207700 
quic,2048,576,5892710 
quic,2048,576,4031376 
quic,2048,576,3753727 
quic,2048,576,5099079 
quic,2048,576,5992029 
quic,2048,576,5349988 
quic,2048,576,6041068 
quic,2048,576,6365763 
quic,2048,576,3168127 
quic,2048,576,5125312 
quic,2048,576,4518834 
quic,2048,576,3799491 
quic,2048,576,6758198 
quic,2048,576,5933315 
quic,2048,576,5705783 
quic,2048,576,4956245 
quic,2048,576,5319231 
quic,2048,576,5159840 
quic,2048,576,5268474 
quic,2048,576,5602290 
quic,2048,576,5325867 
quic,2048,576,5776939 
quic,2048,576,5751910 
quic,2048,576,5478967 
quic,2048,576,6227866 
quic,2048,576,5583321 
quic,2048,576,4577853 
quic,2048,576,4101522 
quic,2048,576,5017281 
quic,2048,576,4721568 
quic,2048,576,6229350 
quic,2048,576,4895955 
quic,2048,640,5397301 
quic,2048,640,5742579 
quic,2048,640,7593254 
quic,2048,640,6080469 
quic,2048,640,5227477 
quic,2048,640,4069172 
quic,2048,640,4761574 
quic,2048,640,5772597 
quic,2048,640,5457646 
quic,2048,640,7254069 
quic,2048,640,6776371 
quic,2048,640,6894081 
quic,2048,640,6979516 
quic,2048,640,6088759 
quic,2048,640,7028134 
quic,2048,640,6466652 
quic,2048,640,7009637 
quic,2048,640,5209078 
quic,2048,640,7280878 
quic,2048,640,5962765 
quic,2048,640,7119027 
quic,2048,640,6906743 
quic,2048,640,5758377 
quic,2048,640,6324569 
quic,2048,640,7721942 
quic,2048,640,3816410 
quic,2048,640,3738317 
quic,2048,640,5652913 
quic,2048,640,4679926 
quic,2048,640,6005310 
quic,2048,640,7718819 
quic,2048,640,4733857 
quic,2048,640,6053294 
quic,2048,640,6633868 
quic,2048,640,6712639 
quic,2048,640,6946340 
quic,2048,640,5188545 
quic,2048,640,5564628 
quic,2048,640,6578470 
quic,2048,640,6507066 
quic,2048,640,6020745 
quic,2048,640,3801284 
quic,2048,640,5240379 
quic,2048,640,6571933 
quic,2048,640,5756761 
quic,2048,640,5350260 
quic,2048,640,7022753 
quic,2048,640,5203481 
quic,2048,640,5465109 
quic,2048,640,6761659 
quic,2048,640,5497918 
quic,2048,640,5904569 
quic,2048,640,5385861 
quic,2048,640,5689550 
quic,2048,640,4108025 
quic,2048,640,4719418 
quic,2048,640,5708499 
quic,2048,640,5689793 
quic,2048,640,5934523 
quic,2048,640,6284339 
quic,2048,640,5486419 
quic,2048,640,6952797 
quic,2048,640,4066576 
quic,2048,640,6698637 
quic,2048,640,6928501 
quic,2048,640,5120680 
quic,2048,640,5311664 
quic,2048,640,4902091 
quic,2048,640,6649836 
quic,2048,640,6156584 
quic,2048,640,4304010 
quic,2048,640,6550241 
quic,2048,640,4056110 
quic,2048,640,5596825 
quic,2048,640,7319455 
quic,2048,640,6723109 
quic,2048,640,6950762 
quic,2048,640,6840548 
quic,2048,640,5859337 
quic,2048,640,7520926 
quic,2048,640,7819107 
quic,2048,640,5896981 
quic,2048,640,6268810 
quic,2048,640,4624928 
quic,2048,640,6126083 
quic,2048,640,5571002 
quic,2048,640,6147512 
quic,2048,640,6735480 
quic,2048,640,7676897 
quic,2048,640,5942807 
quic,2048,640,5514606 
quic,2048,640,4759706 
quic,2048,640,5879345 
quic,2048,640,5063311 
quic,2048,640,4553197 
quic,2048,640,5498329 
quic,2048,640,6984831 
quic,2048,640,5152663 
quic,2048,640,5431350 
quic,2048,640,5775280 
quic,2048,704,7019414 
quic,2048,704,6048888 
quic,2048,704,5731576 
quic,2048,704,8133584 
quic,2048,704,7074875 
quic,2048,704,6824344 
quic,2048,704,4556076 
quic,2048,704,7552510 
quic,2048,704,7181553 
quic,2048,704,8186735 
quic,2048,704,7375208 
quic,2048,704,7047557 
quic,2048,704,5761797 
quic,2048,704,6030881 
quic,2048,704,6157055 
quic,2048,704,6433953 
quic,2048,704,5320587 
quic,2048,704,2815041 
quic,2048,704,5488790 
quic,2048,704,5320265 
quic,2048,704,4425835 
quic,2048,704,4883756 
quic,2048,704,5769523 
quic,2048,704,4112657 
quic,2048,704,6052444 
quic,2048,704,6158337 
quic,2048,704,6958078 
quic,2048,704,4705810 
quic,2048,704,6321451 
quic,2048,704,5863835 
quic,2048,704,1682632 
quic,2048,704,8102464 
quic,2048,704,6532577 
quic,2048,704,6925590 
quic,2048,704,6932455 
quic,2048,704,5110667 
quic,2048,704,7711132 
quic,2048,704,5641487 
quic,2048,704,8283932 
quic,2048,704,6260603 
quic,2048,704,6799684 
quic,2048,704,6677346 
quic,2048,704,6222487 
quic,2048,704,6679559 
quic,2048,704,4502147 
quic,2048,704,5973910 
quic,2048,704,7964673 
quic,2048,704,7275400 
quic,2048,704,7767167 
quic,2048,704,7578755 
quic,2048,704,4892102 
quic,2048,704,5744985 
quic,2048,704,5403748 
quic,2048,704,4354060 
quic,2048,704,6004731 
quic,2048,704,7471306 
quic,2048,704,9713570 
quic,2048,704,5605817 
quic,2048,704,5937126 
quic,2048,704,6542442 
quic,2048,704,5708847 
quic,2048,704,4238478 
quic,2048,704,5636526 
quic,2048,704,5706432 
quic,2048,704,6395516 
quic,2048,704,6601338 
quic,2048,704,5773748 
quic,2048,704,7078431 
quic,2048,704,7102084 
quic,2048,704,6087363 
quic,2048,704,6136341 
quic,2048,704,6534343 
quic,2048,704,5660444 
quic,2048,704,4829901 
quic,2048,704,5688240 
quic,2048,704,5117145 
quic,2048,704,6820678 
quic,2048,704,5957292 
quic,2048,704,6663611 
quic,2048,704,7171285 
quic,2048,704,8054736 
quic,2048,704,6536018 
quic,2048,704,5417116 
quic,2048,704,7992291 
quic,2048,704,6769661 
quic,2048,704,7175081 
quic,2048,704,7570137 
quic,2048,704,7688173 
quic,2048,704,7492341 
quic,2048,704,6018779 
quic,2048,704,6146891 
quic,2048,704,7101928 
quic,2048,704,6544865 
quic,2048,704,4678472 
quic,2048,704,5048201 
quic,2048,704,5110256 
quic,2048,704,6051604 
quic,2048,704,6195012 
quic,2048,704,6780279 
quic,2048,704,4419331 
quic,2048,768,7231165 
quic,2048,768,9413102 
quic,2048,768,7586787 
quic,2048,768,7641915 
quic,2048,768,8830300 
quic,2048,768,7012740 
quic,2048,768,7938000 
quic,2048,768,6464500 
quic,2048,768,7163536 
quic,2048,768,8578080 
quic,2048,768,6929746 
quic,2048,768,8631590 
quic,2048,768,8314586 
quic,2048,768,8299934 
quic,2048,768,7553017 
quic,2048,768,8624906 
quic,2048,768,8034970 
quic,2048,768,5758108 
quic,2048,768,8276965 
quic,2048,768,8484863 
quic,2048,768,6912291 
quic,2048,768,6815710 
quic,2048,768,7097800 
quic,2048,768,7617278 
quic,2048,768,6637086 
quic,2048,768,7187777 
quic,2048,768,7611902 
quic,2048,768,7883915 
quic,2048,768,7899539 
quic,2048,768,7981063 
quic,2048,768,6647016 
quic,2048,768,5952971 
quic,2048,768,7464681 
quic,2048,768,5241855 
quic,2048,768,7414536 
quic,2048,768,8230932 
quic,2048,768,7461646 
quic,2048,768,7076615 
quic,2048,768,7286096 
quic,2048,768,7090923 
quic,2048,768,8005137 
quic,2048,768,8083437 
quic,2048,768,8446668 
quic,2048,768,6026130 
quic,2048,768,5688992 
quic,2048,768,6118505 
quic,2048,768,9258238 
quic,2048,768,7791105 
quic,2048,768,8294253 
quic,2048,768,8522959 
quic,2048,768,6559456 
quic,2048,768,7802464 
quic,2048,768,7593447 
quic,2048,768,8105776 
quic,2048,768,6805017 
quic,2048,768,9709668 
quic,2048,768,6233576 
quic,2048,768,5509379 
quic,2048,768,8428535 
quic,2048,768,5989111 
quic,2048,768,6456530 
quic,2048,768,7401349 
quic,2048,768,7303387 
quic,2048,768,7020020 
quic,2048,768,6005046 
quic,2048,768,9436569 
quic,2048,768,6833942 
quic,2048,768,6814647 
quic,2048,768,6881856 
quic,2048,768,9363176 
quic,2048,768,9448823 
quic,2048,768,8191950 
quic,2048,768,5730863 
quic,2048,768,8408753 
quic,2048,768,5972074 
quic,2048,768,5167325 
quic,2048,768,8528947 
quic,2048,768,8295785 
quic,2048,768,7343982 
quic,2048,768,8403661 
quic,2048,768,6717629 
quic,2048,768,9034819 
quic,2048,768,10268808 
quic,2048,768,6888792 
quic,2048,768,4948335 
quic,2048,768,6016827 
quic,2048,768,8926115 
quic,2048,768,7445592 
quic,2048,768,7440849 
quic,2048,768,7162043 
quic,2048,768,7970752 
quic,2048,768,9006032 
quic,2048,768,5777640 
quic,2048,768,8699036 
quic,2048,768,6942573 
quic,2048,768,6448337 
quic,2048,768,6958461 
quic,2048,768,7475305 
quic,2048,832,8543877 
quic,2048,832,9682400 
quic,2048,832,7497372 
quic,2048,832,9104202 
quic,2048,832,6602794 
quic,2048,832,8173467 
quic,2048,832,7767493 
quic,2048,832,8296229 
quic,2048,832,7554595 
quic,2048,832,8140583 
quic,2048,832,10420050 
quic,2048,832,8052076 
quic,2048,832,5927983 
quic,2048,832,7207930 
quic,2048,832,9370194 
quic,2048,832,8428301 
quic,2048,832,6083646 
quic,2048,832,9884495 
quic,2048,832,9127433 
quic,2048,832,5219820 
quic,2048,832,6577041 
quic,2048,832,8527991 
quic,2048,832,124536 
quic,2048,832,8262605 
quic,2048,832,8801056 
quic,2048,832,8985547 
quic,2048,832,10326776 
quic,2048,832,8840174 
quic,2048,832,8306847 
quic,2048,832,7761736 
quic,2048,832,8047947 
quic,2048,832,6564542 
quic,2048,832,7551463 
quic,2048,832,8810215 
quic,2048,832,6654397 
quic,2048,832,9014012 
quic,2048,832,11118270 
quic,2048,832,7478370 
quic,2048,832,7454678 
quic,2048,832,6750477 
quic,2048,832,6894409 
quic,2048,832,7657885 
quic,2048,832,7666484 
quic,2048,832,6335308 
quic,2048,832,5892160 
quic,2048,832,8891001 
quic,2048,832,8380298 
quic,2048,832,7533750 
quic,2048,832,6915474 
quic,2048,832,7155700 
quic,2048,832,9247579 
quic,2048,832,6777022 
quic,2048,832,7530771 
quic,2048,832,7758233 
quic,2048,832,7714513 
quic,2048,832,5700470 
quic,2048,832,8201762 
quic,2048,832,7049564 
quic,2048,832,7520723 
quic,2048,832,7996493 
quic,2048,832,7598345 
quic,2048,832,6738852 
quic,2048,832,7560519 
quic,2048,832,11184886 
quic,2048,832,9532747 
quic,2048,832,8403836 
quic,2048,832,7348138 
quic,2048,832,9101619 
quic,2048,832,8199895 
quic,2048,832,7957666 
quic,2048,832,6389540 
quic,2048,832,7583860 
quic,2048,832,9895188 
quic,2048,832,8771363 
quic,2048,832,8326561 
quic,2048,832,7152364 
quic,2048,832,7589773 
quic,2048,832,7070454 
quic,2048,832,8447522 
quic,2048,832,9224319 
quic,2048,832,9895183 
quic,2048,832,8503961 
quic,2048,832,8874611 
quic,2048,832,8860600 
quic,2048,832,7650678 
quic,2048,832,7413344 
quic,2048,832,830941 
quic,2048,832,7345139 
quic,2048,832,9537348 
quic,2048,832,7448960 
quic,2048,832,5978331 
quic,2048,832,6874812 
quic,2048,832,7800000 
quic,2048,832,6670733 
quic,2048,832,6883786 
quic,2048,832,6980057 
quic,2048,832,9275000 
quic,2048,832,7841814 
quic,2048,832,8264738 
quic,2048,832,7941212 
quic,2048,896,6161152 
quic,2048,896,7167025 
quic,2048,896,9825658 
quic,2048,896,9830543 
quic,2048,896,7159212 
quic,2048,896,10550476 
quic,2048,896,10731149 
quic,2048,896,7649011 
quic,2048,896,7826044 
quic,2048,896,10358634 
quic,2048,896,8529767 
quic,2048,896,8441518 
quic,2048,896,8232802 
quic,2048,896,5843686 
quic,2048,896,8491577 
quic,2048,896,7924726 
quic,2048,896,11532013 
quic,2048,896,8387514 
quic,2048,896,9924327 
quic,2048,896,6752203 
quic,2048,896,8333284 
quic,2048,896,8532931 
quic,2048,896,11335847 
quic,2048,896,8950359 
quic,2048,896,8346560 
quic,2048,896,8471402 
quic,2048,896,8645734 
quic,2048,896,7252013 
quic,2048,896,9098878 
quic,2048,896,10512516 
quic,2048,896,8367836 
quic,2048,896,8404546 
quic,2048,896,6538599 
quic,2048,896,9344575 
quic,2048,896,7320570 
quic,2048,896,9026769 
quic,2048,896,8747576 
quic,2048,896,6548856 
quic,2048,896,10814083 
quic,2048,896,8620067 
quic,2048,896,8377919 
quic,2048,896,7100594 
quic,2048,896,8056034 
quic,2048,896,7041738 
quic,2048,896,9788125 
quic,2048,896,8199149 
quic,2048,896,10529057 
quic,2048,896,7449592 
quic,2048,896,8734891 
quic,2048,896,7144117 
quic,2048,896,8643759 
quic,2048,896,8944266 
quic,2048,896,7228979 
quic,2048,896,7621157 
quic,2048,896,10131687 
quic,2048,896,8997537 
quic,2048,896,9133027 
quic,2048,896,10494174 
quic,2048,896,10271864 
quic,2048,896,8236397 
quic,2048,896,8359779 
quic,2048,896,8619512 
quic,2048,896,8385628 
quic,2048,896,9738745 
quic,2048,896,9278677 
quic,2048,896,10651603 
quic,2048,896,3129196 
quic,2048,896,11560391 
quic,2048,896,10148862 
quic,2048,896,7182371 
quic,2048,896,7279259 
quic,2048,896,8905370 
quic,2048,896,8315412 
quic,2048,896,8679117 
quic,2048,896,9428120 
quic,2048,896,7901295 
quic,2048,896,8274990 
quic,2048,896,9217485 
quic,2048,896,7935174 
quic,2048,896,9394379 
quic,2048,896,9198076 
quic,2048,896,8416808 
quic,2048,896,8358471 
quic,2048,896,9020354 
quic,2048,896,10589437 
quic,2048,896,9706582 
quic,2048,896,7795972 
quic,2048,896,7945450 
quic,2048,896,6864716 
quic,2048,896,8812396 
quic,2048,896,10258472 
quic,2048,896,10841382 
quic,2048,896,11631730 
quic,2048,896,10068003 
quic,2048,896,9805729 
quic,2048,896,7115273 
quic,2048,896,8661155 
quic,2048,896,10330241 
quic,2048,896,8400382 
quic,2048,896,9320743 
quic,2048,960,9334928 
quic,2048,960,9643035 
quic,2048,960,9382780 
quic,2048,960,8295850 
quic,2048,960,11338152 
quic,2048,960,9729256 
quic,2048,960,9820904 
quic,2048,960,10094730 
quic,2048,960,7664761 
quic,2048,960,9872629 
quic,2048,960,9015109 
quic,2048,960,7961491 
quic,2048,960,9710302 
quic,2048,960,8421870 
quic,2048,960,9254372 
quic,2048,960,8292524 
quic,2048,960,6991321 
quic,2048,960,7946926 
quic,2048,960,7309009 
quic,2048,960,7399099 
quic,2048,960,9278033 
quic,2048,960,9432329 
quic,2048,960,11736786 
quic,2048,960,11345090 
quic,2048,960,9448259 
quic,2048,960,10254002 
quic,2048,960,10703565 
quic,2048,960,9383538 
quic,2048,960,5557898 
quic,2048,960,10315957 
quic,2048,960,10564376 
quic,2048,960,8006632 
quic,2048,960,9514068 
quic,2048,960,9222968 
quic,2048,960,9988304 
quic,2048,960,8173199 
quic,2048,960,8898489 
quic,2048,960,10041289 
quic,2048,960,12750515 
quic,2048,960,8686327 
quic,2048,960,8387425 
quic,2048,960,9573945 
quic,2048,960,9060158 
quic,2048,960,8509387 
quic,2048,960,9176443 
quic,2048,960,10144134 
quic,2048,960,10427802 
quic,2048,960,9799543 
quic,2048,960,10400507 
quic,2048,960,9782043 
quic,2048,960,9140874 
quic,2048,960,10964561 
quic,2048,960,10021678 
quic,2048,960,11606811 
quic,2048,960,8829175 
quic,2048,960,8893583 
quic,2048,960,9607582 
quic,2048,960,7715074 
quic,2048,960,9024511 
quic,2048,960,10859009 
quic,2048,960,8825748 
quic,2048,960,10702459 
quic,2048,960,10515877 
quic,2048,960,9981399 
quic,2048,960,9212361 
quic,2048,960,9926061 
quic,2048,960,11730860 
quic,2048,960,9964511 
quic,2048,960,9113367 
quic,2048,960,10103317 
quic,2048,960,8574922 
quic,2048,960,8777963 
quic,2048,960,9586915 
quic,2048,960,10630018 
quic,2048,960,12262773 
quic,2048,960,9136733 
quic,2048,960,9566551 
quic,2048,960,9353796 
quic,2048,960,8443459 
quic,2048,960,9517347 
quic,2048,960,9283802 
quic,2048,960,9194492 
quic,2048,960,7527453 
quic,2048,960,10280978 
quic,2048,960,8459876 
quic,2048,960,11243480 
quic,2048,960,8481909 
quic,2048,960,10257970 
quic,2048,960,8146002 
quic,2048,960,7833901 
quic,2048,960,9778600 
quic,2048,960,7805210 
quic,2048,960,9633687 
quic,2048,960,10588611 
quic,2048,960,5370009 
tcp,2048,960,13835090 
tcp,2048,960,10526762 
tcp,2048,960,13481233 
tcp,2048,960,12890355 
tcp,2048,960,11745607 
tcp,2048,1024,12889206 
tcp,2048,1024,13146739 
tcp,2048,1024,13475781 
tcp,2048,1024,12719332 
tcp,2048,1024,13751779 
tcp,2048,1024,11268077 
tcp,2048,1024,13670086 
tcp,2048,1024,15162641 
tcp,2048,1024,13583295 
tcp,2048,1024,13649251 
tcp,2048,1024,14802790 
tcp,2048,1024,13036585 
tcp,2048,1024,9916092 
tcp,2048,1024,11730741 
tcp,2048,1024,13567635 
tcp,2048,1024,11976795 
tcp,2048,1024,12702206 
tcp,2048,1024,15354721 
tcp,2048,1024,13826952 
tcp,2048,1024,12014040 
tcp,2048,1024,13610393 
tcp,2048,1024,12332299 
tcp,2048,1024,12535603 
tcp,2048,1024,14744501 
tcp,2048,1024,13499989 
tcp,2048,1024,12166945 
tcp,2048,1024,13864069 
tcp,2048,1024,13745339 
tcp,2048,1024,11843788 
tcp,2048,1024,13731871 
tcp,2048,1024,13006623 
tcp,2048,1024,13129329 
tcp,2048,1024,13406333 
tcp,2048,1024,13760584 
tcp,2048,1024,13597260 
tcp,2048,1024,13379815 
tcp,2048,1024,13179562 
tcp,2048,1024,14690456 
tcp,2048,1024,13935660 
tcp,2048,1024,4645955 
quic,2048,1024,8515264 
quic,2048,1024,9111500 
quic,2048,1024,10195434 
quic,2048,1024,7653626 
quic,2048,1024,11468357 
quic,2048,1024,10183087 
quic,2048,1024,10110710 
quic,2048,1024,9665633 
quic,2048,1024,10722685 
quic,2048,1024,9703307 
quic,2048,1024,10715926 
quic,2048,1024,9743142 
quic,2048,1024,10894262 
quic,2048,1024,10965692 
quic,2048,1024,9634736 
quic,2048,1024,8778203 
quic,2048,1024,9794222 
quic,2048,1024,10895207 
quic,2048,1024,9178352 
quic,2048,1024,9216778 
quic,2048,1024,12194549 
quic,2048,1024,10427858 
quic,2048,1024,9942852 
quic,2048,1024,10318531 
quic,2048,1024,10287810 
quic,2048,1024,10045977 
quic,2048,1024,8748587 
quic,2048,1024,12087041 
quic,2048,1024,9652267 
quic,2048,1024,10363027 
quic,2048,1024,9485588 
quic,2048,1024,11961008 
quic,2048,1024,9712422 
quic,2048,1024,12327557 
quic,2048,1024,9165993 
quic,2048,1024,8795513 
quic,2048,1024,11396990 
quic,2048,1024,9800045 
quic,2048,1024,10875717 
quic,2048,1024,9489717 
quic,2048,1024,9598508 
quic,2048,1024,9066310 
quic,2048,1024,9816538 
quic,2048,1024,10766226 
quic,2048,1024,8908355 
quic,2048,1024,10762182 
quic,2048,1024,10204964 
quic,2048,1024,10972276 
quic,2048,1024,10821362 
quic,2048,1024,12453484 
quic,2048,1024,10850328 
quic,2048,1024,10335636 
quic,2048,1024,9183662 
quic,2048,1024,8918204 
quic,2048,1024,10330771 
quic,2048,1024,10654878 
quic,2048,1024,9290614 
quic,2048,1024,10355813 
quic,2048,1024,5719085 
quic,2048,1024,11104107 
tcp,2048,64,1335923 
tcp,2048,64,1257490 
tcp,2048,64,1327553 
tcp,2048,64,1212186 
tcp,2048,64,1336318 
tcp,2048,64,1053388 
tcp,2048,64,923704 
tcp,2048,64,930286 
tcp,2048,64,802292 
tcp,2048,64,1134990 
tcp,2048,64,1542595 
tcp,2048,64,1432199 
tcp,2048,64,1261344 
tcp,2048,64,1176934 
tcp,2048,64,1237797 
tcp,2048,64,957239 
tcp,2048,64,1001584 
tcp,2048,64,981128 
tcp,2048,64,1509351 
tcp,2048,64,1532856 
tcp,2048,64,1524501 
tcp,2048,64,1302572 
tcp,2048,64,1364229 
tcp,2048,64,1570709 
tcp,2048,64,1493569 
tcp,2048,64,1528346 
tcp,2048,64,1517566 
tcp,2048,64,1508912 
tcp,2048,64,1435648 
tcp,2048,64,1291267 
tcp,2048,64,1569440 
tcp,2048,64,1392738 
tcp,2048,64,1423593 
tcp,2048,64,1462430 
tcp,2048,64,1488699 
tcp,2048,64,1439599 
tcp,2048,64,1416035 
tcp,2048,64,1114304 
tcp,2048,64,803552 
tcp,2048,64,907151 
tcp,2048,64,1550845 
tcp,2048,64,1315366 
tcp,2048,64,987280 
tcp,2048,64,1126113 
tcp,2048,64,1458912 
tcp,2048,64,1353314 
tcp,2048,64,1466587 
tcp,2048,64,1465854 
tcp,2048,64,1242683 
tcp,2048,64,808173 
tcp,2048,64,968381 
tcp,2048,64,785890 
tcp,2048,64,615092 
tcp,2048,64,782753 
tcp,2048,64,1368820 
tcp,2048,64,1416427 
tcp,2048,64,1392075 
tcp,2048,64,1032973 
tcp,2048,64,1340368 
tcp,2048,64,1105531 
tcp,2048,64,1132773 
tcp,2048,64,1684178 
tcp,2048,64,1250028 
tcp,2048,64,1299646 
tcp,2048,64,1331954 
tcp,2048,64,1439513 
tcp,2048,64,1481490 
tcp,2048,64,1142382 
tcp,2048,64,1103974 
tcp,2048,64,1323080 
tcp,2048,64,1297961 
tcp,2048,64,858615 
tcp,2048,64,1124464 
tcp,2048,64,1430880 
tcp,2048,64,1311498 
tcp,2048,64,1092715 
tcp,2048,64,1030119 
tcp,2048,64,818765 
tcp,2048,64,921119 
tcp,2048,64,1178917 
tcp,2048,64,1417062 
tcp,2048,64,1061912 
tcp,2048,64,892391 
tcp,2048,64,1102876 
tcp,2048,64,906297 
tcp,2048,64,1244503 
tcp,2048,64,1531809 
tcp,2048,64,1434159 
tcp,2048,64,1414496 
tcp,2048,64,1250649 
tcp,2048,64,1230933 
tcp,2048,64,1307846 
tcp,2048,64,1505829 
tcp,2048,64,1420686 
tcp,2048,64,1409583 
tcp,2048,64,1411824 
tcp,2048,64,1558235 
tcp,2048,64,1108259 
tcp,2048,64,1374410 
tcp,2048,64,1352091 
tcp,2048,128,2213702 
tcp,2048,128,2363819 
tcp,2048,128,2348869 
tcp,2048,128,2448383 
tcp,2048,128,2517079 
tcp,2048,128,2021318 
tcp,2048,128,2315273 
tcp,2048,128,1461978 
tcp,2048,128,1562153 
tcp,2048,128,1850757 
tcp,2048,128,2005044 
tcp,2048,128,1614292 
tcp,2048,128,1929876 
tcp,2048,128,2302667 
tcp,2048,128,2316749 
tcp,2048,128,1998863 
tcp,2048,128,2222047 
tcp,2048,128,2017773 
tcp,2048,128,2237224 
tcp,2048,128,2003385 
tcp,2048,128,1915017 
tcp,2048,128,2324596 
tcp,2048,128,2305924 
tcp,2048,128,2098710 
tcp,2048,128,2411324 
tcp,2048,128,2204253 
tcp,2048,128,2053859 
tcp,2048,128,2621421 
tcp,2048,128,2518988 
tcp,2048,128,2228147 
tcp,2048,128,2447860 
tcp,2048,128,2323753 
tcp,2048,128,2430825 
tcp,2048,128,2297239 
tcp,2048,128,2326630 
tcp,2048,128,1613776 
tcp,2048,128,1801352 
tcp,2048,128,2131801 
tcp,2048,128,1719206 
tcp,2048,128,2422000 
tcp,2048,128,2316640 
tcp,2048,128,2304763 
tcp,2048,128,2251700 
tcp,2048,128,1923887 
tcp,2048,128,2219175 
tcp,2048,128,2078803 
tcp,2048,128,2406723 
tcp,2048,128,2118031 
tcp,2048,128,1873331 
tcp,2048,128,2121137 
tcp,2048,128,2110145 
tcp,2048,128,2394717 
tcp,2048,128,2287148 
tcp,2048,128,1506552 
tcp,2048,128,1523889 
tcp,2048,128,2295183 
tcp,2048,128,2445320 
tcp,2048,128,2053815 
tcp,2048,128,1585733 
tcp,2048,128,2174179 
tcp,2048,128,2006493 
tcp,2048,128,1308613 
tcp,2048,128,2021005 
tcp,2048,128,1971367 
tcp,2048,128,1910434 
tcp,2048,128,1762661 
tcp,2048,128,2266096 
tcp,2048,128,2423889 
tcp,2048,128,2226823 
tcp,2048,128,2151064 
tcp,2048,128,2422473 
tcp,2048,128,1964634 
tcp,2048,128,1257915 
tcp,2048,128,1288979 
tcp,2048,128,1181601 
tcp,2048,128,1507207 
tcp,2048,128,1510540 
tcp,2048,128,1989762 
tcp,2048,128,1526625 
tcp,2048,128,1191190 
tcp,2048,128,1784931 
tcp,2048,128,2368813 
tcp,2048,128,1670717 
tcp,2048,128,1731618 
tcp,2048,128,1458705 
tcp,2048,128,2490339 
tcp,2048,128,1924401 
tcp,2048,128,1920695 
tcp,2048,128,1835407 
tcp,2048,128,2518003 
tcp,2048,128,1931460 
tcp,2048,128,1452621 
tcp,2048,128,2179041 
tcp,2048,128,2232992 
tcp,2048,128,2310452 
tcp,2048,128,2031663 
tcp,2048,128,1319451 
tcp,2048,128,1609901 
tcp,2048,128,1923375 
tcp,2048,128,2432609 
tcp,2048,192,3168073 
tcp,2048,192,3109716 
tcp,2048,192,3296213 
tcp,2048,192,2939085 
tcp,2048,192,3279594 
tcp,2048,192,3347804 
tcp,2048,192,2720938 
tcp,2048,192,3134750 
tcp,2048,192,2577713 
tcp,2048,192,1892815 
tcp,2048,192,2215407 
tcp,2048,192,3102332 
tcp,2048,192,3635281 
tcp,2048,192,3403697 
tcp,2048,192,3257766 
tcp,2048,192,2630234 
tcp,2048,192,2330038 
tcp,2048,192,2416685 
tcp,2048,192,3468134 
tcp,2048,192,2698842 
tcp,2048,192,2251825 
tcp,2048,192,2282727 
tcp,2048,192,3041324 
tcp,2048,192,2413303 
tcp,2048,192,2618866 
tcp,2048,192,2716118 
tcp,2048,192,3245049 
tcp,2048,192,3624861 
tcp,2048,192,3408792 
tcp,2048,192,3360035 
tcp,2048,192,3068341 
tcp,2048,192,3376058 
tcp,2048,192,3434139 
tcp,2048,192,3369762 
tcp,2048,192,3439665 
tcp,2048,192,3215165 
tcp,2048,192,2940495 
tcp,2048,192,2931161 
tcp,2048,192,2373664 
tcp,2048,192,3377113 
tcp,2048,192,3132337 
tcp,2048,192,3133490 
tcp,2048,192,2484769 
tcp,2048,192,3444814 
tcp,2048,192,3273197 
tcp,2048,192,3226645 
tcp,2048,192,3229013 
tcp,2048,192,3341626 
tcp,2048,192,3418281 
tcp,2048,192,2706638 
tcp,2048,192,2121176 
tcp,2048,192,2920288 
tcp,2048,192,3060033 
tcp,2048,192,3496471 
tcp,2048,192,2796840 
tcp,2048,192,2966994 
tcp,2048,192,3153484 
tcp,2048,192,2946963 
tcp,2048,192,3274634 
tcp,2048,192,2934963 
tcp,2048,192,2368216 
tcp,2048,192,2822494 
tcp,2048,192,2999778 
tcp,2048,192,2160345 
tcp,2048,192,2989780 
tcp,2048,192,2953361 
tcp,2048,192,2716330 
tcp,2048,192,3093135 
tcp,2048,192,3487635 
tcp,2048,192,3388803 
tcp,2048,192,2807009 
tcp,2048,192,2919229 
tcp,2048,192,3560674 
tcp,2048,192,3207320 
tcp,2048,192,3368854 
tcp,2048,192,2894882 
tcp,2048,192,2745259 
tcp,2048,192,3511167 
tcp,2048,192,2916519 
tcp,2048,192,2445823 
tcp,2048,192,2873657 
tcp,2048,192,1154742 
quic,2048,192,1087982 
quic,2048,192,2911368 
quic,2048,192,2317360 
quic,2048,192,1269734 
quic,2048,192,1242765 
quic,2048,192,1301955 
quic,2048,192,1466105 
quic,2048,192,1195045 
quic,2048,192,1390365 
quic,2048,192,2039706 
quic,2048,192,1955192 
quic,2048,192,1453315 
quic,2048,192,1732647 
quic,2048,192,1839132 
quic,2048,192,1909162 
quic,2048,192,1999997 
quic,2048,192,1890692 
quic,2048,192,1696908 
quic,2048,256,2431748 
quic,2048,256,2033564 
quic,2048,256,1756835 
quic,2048,256,3081931 
quic,2048,256,2511479 
quic,2048,256,3169524 
quic,2048,256,1652321 
quic,2048,256,1672891 
quic,2048,256,1572876 
quic,2048,256,1642642 
quic,2048,256,2785743 
quic,2048,256,2050208 
quic,2048,256,2065804 
quic,2048,256,1989586 
quic,2048,256,1733680 
quic,2048,256,1422451 
quic,2048,256,1897860 
quic,2048,256,2332462 
quic,2048,256,99296 
quic,2048,256,2389883 
quic,2048,256,3342915 
quic,2048,256,2551979 
quic,2048,256,1909899 
quic,2048,256,1763647 
quic,2048,256,2612103 
quic,2048,256,1956856 
quic,2048,256,2198047 
quic,2048,256,2561896 
quic,2048,256,2766877 
quic,2048,256,2851806 
quic,2048,256,2634106 
quic,2048,256,2105244 
quic,2048,256,2486573 
quic,2048,256,1900141 
quic,2048,256,2880270 
quic,2048,256,2319069 
quic,2048,256,2151028 
quic,2048,256,1842848 
quic,2048,256,2967645 
quic,2048,256,2087070 
quic,2048,256,1223537 
quic,2048,256,2481196 
quic,2048,256,1957931 
quic,2048,256,1751901 
quic,2048,256,2317027 
quic,2048,256,2098420 
quic,2048,256,1617939 
quic,2048,256,2027721 
quic,2048,256,2234440 
quic,2048,256,2715058 
quic,2048,256,2486439 
quic,2048,256,2692668 
quic,2048,256,2426481 
quic,2048,256,3372617 
quic,2048,256,3056387 
quic,2048,256,1939809 
quic,2048,256,2307494 
quic,2048,256,2224252 
quic,2048,256,2280598 
quic,2048,256,2705029 
quic,2048,256,2901643 
quic,2048,256,1761754 
quic,2048,256,1523478 
quic,2048,256,2497150 
quic,2048,256,2172208 
quic,2048,256,2787149 
quic,2048,256,1756882 
quic,2048,256,2090982 
quic,2048,256,1894773 
quic,2048,256,1854239 
quic,2048,256,2563424 
quic,2048,256,2751617 
quic,2048,256,2609622 
quic,2048,256,2742753 
quic,2048,256,2817852 
quic,2048,256,1705796 
quic,2048,256,1988268 
quic,2048,256,3499387 
quic,2048,256,3047435 
quic,2048,256,1477615 
quic,2048,256,2251521 
quic,2048,256,2579572 
quic,2048,256,3055887 
quic,2048,256,2444154 
quic,2048,256,2284382 
quic,2048,256,2753918 
quic,2048,256,2166910 
quic,2048,256,2535218 
quic,2048,256,2084944 
quic,2048,256,2226995 
quic,2048,256,1529227 
quic,2048,256,1384547 
quic,2048,256,2061845 
quic,2048,256,2566475 
quic,2048,256,2619547 
quic,2048,256,2851473 
quic,2048,256,2107189 
quic,2048,256,2663997 
quic,2048,256,2278919 
quic,2048,256,3437294 
quic,2048,320,2851824 
quic,2048,320,4513505 
quic,2048,320,4267928 
quic,2048,320,2632981 
quic,2048,320,3069452 
quic,2048,320,2422229 
quic,2048,320,2992921 
quic,2048,320,2858977 
quic,2048,320,2471088 
quic,2048,320,3461094 
quic,2048,320,2585076 
quic,2048,320,3027357 
quic,2048,320,2692738 
quic,2048,320,2602855 
quic,2048,320,3438830 
quic,2048,320,2737485 
quic,2048,320,2682745 
quic,2048,320,3490962 
quic,2048,320,3232558 
quic,2048,320,3571451 
quic,2048,320,2936641 
quic,2048,320,3711330 
quic,2048,320,3337137 
quic,2048,320,2974354 
quic,2048,320,3154501 
quic,2048,320,3940743 
quic,2048,320,3293525 
quic,2048,320,2944000 
quic,2048,320,2974490 
quic,2048,320,2810117 
quic,2048,320,3051246 
quic,2048,320,2573969 
quic,2048,320,2784133 
quic,2048,320,2140457 
quic,2048,320,2941961 
quic,2048,320,1824147 
quic,2048,320,2517265 
quic,2048,320,4333328 
quic,2048,320,3602502 
quic,2048,320,3436844 
quic,2048,320,3502305 
quic,2048,320,2922377 
quic,2048,320,3080855 
quic,2048,320,3885481 
quic,2048,320,3157524 
quic,2048,320,2936015 
quic,2048,320,3756961 
quic,2048,320,3034734 
quic,2048,320,2988195 
quic,2048,320,3114066 
quic,2048,320,2666755 
quic,2048,320,2257089 
quic,2048,320,3113840 
quic,2048,320,2893878 
quic,2048,320,4020845 
quic,2048,320,2622873 
quic,2048,320,3028313 
quic,2048,320,2733936 
quic,2048,320,2468217 
quic,2048,320,2184933 
quic,2048,320,2692241 
quic,2048,320,2687537 
quic,2048,320,3223591 
quic,2048,320,2888218 
quic,2048,320,3455770 
quic,2048,320,3130044 
quic,2048,320,2363222 
quic,2048,320,2154489 
quic,2048,320,3228246 
quic,2048,320,4064680 
quic,2048,320,4674290 
quic,2048,320,3842174 
quic,2048,320,3164534 
quic,2048,320,3307980 
quic,2048,320,2951390 
quic,2048,320,3715783 
quic,2048,320,3659177 
quic,2048,320,3706263 
quic,2048,320,3482363 
quic,2048,320,2654140 
quic,2048,320,2514129 
quic,2048,320,3389467 
quic,2048,320,4015868 
quic,2048,320,3035880 
quic,2048,320,3887954 
quic,2048,320,2622115 
quic,2048,320,2707837 
quic,2048,320,3908876 
quic,2048,320,3598498 
quic,2048,320,3577931 
quic,2048,320,2956944 
quic,2048,320,2839044 
quic,2048,320,3904224 
quic,2048,320,2335878 
quic,2048,320,3050394 
quic,2048,320,3397448 
quic,2048,320,3204892 
quic,2048,320,2241046 
quic,2048,320,2253222 
quic,2048,320,3277799 
quic,2048,384,2726101 
quic,2048,384,3114532 
quic,2048,384,4129450 
quic,2048,384,3110092 
quic,2048,384,3437231 
quic,2048,384,2900743 
quic,2048,384,3075560 
quic,2048,384,3814471 
quic,2048,384,3377152 
quic,2048,384,3415574 
quic,2048,384,4753716 
quic,2048,384,4622284 
quic,2048,384,4263842 
quic,2048,384,4698818 
quic,2048,384,3913597 
quic,2048,384,3097955 
quic,2048,384,3455031 
quic,2048,384,1667612 
quic,2048,384,991259 
quic,2048,384,3402147 
quic,2048,384,4427971 
quic,2048,384,3513958 
quic,2048,384,3901238 
quic,2048,384,2836935 
quic,2048,384,3409775 
quic,2048,384,4000049 
quic,2048,384,3503547 
quic,2048,384,3313328 
quic,2048,384,4873275 
quic,2048,384,3414904 
quic,2048,384,4892936 
quic,2048,384,3230959 
quic,2048,384,2893551 
quic,2048,384,3804410 
quic,2048,384,4749931 
quic,2048,384,3242370 
quic,2048,384,3433314 
quic,2048,384,3397449 
quic,2048,384,3700468 
quic,2048,384,3961883 
quic,2048,384,3498797 
quic,2048,384,2897584 
quic,2048,384,2981881 
quic,2048,384,2657411 
quic,2048,384,3458524 
quic,2048,384,3987915 
quic,2048,384,5811309 
quic,2048,384,3881723 
quic,2048,384,3304843 
quic,2048,384,3714601 
quic,2048,384,3426482 
quic,2048,384,5033177 
quic,2048,384,4186568 
quic,2048,384,3698345 
quic,2048,384,4441382 
quic,2048,384,4591805 
quic,2048,384,4080143 
quic,2048,384,3481153 
quic,2048,384,3879939 
quic,2048,384,2929793 
quic,2048,384,3691138 
quic,2048,384,3649111 
quic,2048,384,3195545 
quic,2048,384,2919880 
quic,2048,384,3297324 
quic,2048,384,3613455 
quic,2048,384,3787920 
quic,2048,384,3463711 
quic,2048,384,2877256 
quic,2048,384,4480154 
quic,2048,384,3821976 
quic,2048,384,3358275 
quic,2048,384,3499828 
quic,2048,384,4638751 
quic,2048,384,3923116 
quic,2048,384,4683636 
quic,2048,384,5097182 
quic,2048,384,3742352 
quic,2048,384,2693558 
quic,2048,384,3391773 
quic,2048,384,1736623 
quic,2048,384,3180492 
quic,2048,384,3995260 
quic,2048,384,3146064 
quic,2048,384,3665112 
quic,2048,384,3814405 
quic,2048,384,5430790 
quic,2048,384,3676762 
quic,2048,384,3552851 
quic,2048,384,3462794 
quic,2048,384,2987708 
quic,2048,384,2650536 
quic,2048,384,3763404 
quic,2048,384,4034884 
quic,2048,384,2811899 
quic,2048,384,2479190 
quic,2048,384,3150356 
quic,2048,384,3754312 
quic,2048,384,3205367 
quic,2048,448,3489468 
quic,2048,448,5726973 
quic,2048,448,4791536 
quic,2048,448,3353096 
quic,2048,448,3322044 
quic,2048,448,3162892 
quic,2048,448,2598570 
quic,2048,448,4072445 
quic,2048,448,4223470 
quic,2048,448,4386809 
quic,2048,448,4511265 
quic,2048,448,3803991 
quic,2048,448,3236740 
quic,2048,448,4474197 
quic,2048,448,4712524 
quic,2048,448,4532875 
quic,2048,448,3852536 
quic,2048,448,4679763 
quic,2048,448,5458358 
quic,2048,448,4809850 
quic,2048,448,5092363 
quic,2048,448,4257422 
quic,2048,448,4894605 
quic,2048,448,5115401 
quic,2048,448,3908198 
quic,2048,448,3246763 
quic,2048,448,3724352 
quic,2048,448,4231493 
quic,2048,448,5076082 
quic,2048,448,5677613 
quic,2048,448,3129239 
quic,2048,448,4610917 
quic,2048,448,5648023 
quic,2048,448,4105360 
quic,2048,448,3801699 
quic,2048,448,3801878 
quic,2048,448,4337920 
quic,2048,448,3887885 
quic,2048,448,3996799 
quic,2048,448,5180005 
quic,2048,448,4456242 
quic,2048,448,3300531 
quic,2048,448,3893095 
quic,2048,448,5492279 
quic,2048,448,3738385 
quic,2048,448,3974466 
quic,2048,448,6683671 
quic,2048,448,5012195 
quic,2048,448,4830331 
quic,2048,448,4427273 
quic,2048,448,5413144 
quic,2048,448,5589778 
quic,2048,448,3978357 
quic,2048,448,4614087 
quic,2048,448,4708495 
quic,2048,448,2567778 
quic,2048,448,3566689 
quic,2048,448,5199706 
quic,2048,448,3831749 
quic,2048,448,2789980 
quic,2048,448,3617871 
quic,2048,448,664525 
quic,2048,448,3979965 
quic,2048,448,4894936 
quic,2048,448,6931875 
quic,2048,448,4056055 
quic,2048,448,4554967 
quic,2048,448,3971069 
quic,2048,448,3247459 
quic,2048,448,3685191 
quic,2048,448,5254007 
quic,2048,448,4110271 
quic,2048,448,3871181 
quic,2048,448,5044345 
quic,2048,448,4683908 
quic,2048,448,3471693 
quic,2048,448,4140156 
quic,2048,448,5402000 
quic,2048,448,3798185 
quic,2048,448,4209015 
quic,2048,448,5737821 
quic,2048,448,5612693 
quic,2048,448,3660662 
quic,2048,448,3021679 
quic,2048,448,3902128 
quic,2048,448,5172947 
quic,2048,448,3887003 
quic,2048,448,4131145 
quic,2048,448,4467316 
quic,2048,448,4127523 
quic,2048,448,4276684 
quic,2048,448,3710553 
quic,2048,448,3378140 
quic,2048,448,3693960 
quic,2048,448,4014930 
quic,2048,448,4764797 
quic,2048,448,4622963 
quic,2048,448,3621368 
quic,2048,448,4547185 
quic,2048,448,4182040 
quic,2048,512,4893422 
quic,2048,512,5406678 
quic,2048,512,4502860 
quic,2048,512,5576041 
quic,2048,512,4110551 
quic,2048,512,5008403 
quic,2048,512,3680852 
quic,2048,512,4472594 
quic,2048,512,4994498 
quic,2048,512,4977756 
quic,2048,512,5506914 
quic,2048,512,5482142 
quic,2048,512,6636033 
quic,2048,512,5399509 
quic,2048,512,4550781 
quic,2048,512,4803683 
quic,2048,512,5955367 
quic,2048,512,4593458 
quic,2048,512,5448949 
quic,2048,512,5145169 
quic,2048,512,5473631 
quic,2048,512,5332351 
quic,2048,512,5650049 
quic,2048,512,6898865 
quic,2048,512,4820538 
quic,2048,512,5788543 
quic,2048,512,5187256 
quic,2048,512,5109337 
quic,2048,512,5584698 
quic,2048,512,4368948 
quic,2048,512,5316952 
quic,2048,512,4697030 
quic,2048,512,5921071 
quic,2048,512,4145189 
quic,2048,512,4738586 
quic,2048,512,4151434 
quic,2048,512,5541868 
quic,2048,512,4886729 
quic,2048,512,4554742 
quic,2048,512,4388960 
quic,2048,512,4347602 
quic,2048,512,5598645 
quic,2048,512,5119692 
quic,2048,512,4122688 
quic,2048,512,4886695 
quic,2048,512,4585185 
quic,2048,512,4740332 
quic,2048,512,5631147 
quic,2048,512,4806714 
quic,2048,512,3980705 
quic,2048,512,6049987 
quic,2048,512,5942764 
quic,2048,512,6128377 
quic,2048,512,5510417 
quic,2048,512,6073026 
quic,2048,512,4325377 
quic,2048,512,5590291 
quic,2048,512,6143038 
quic,2048,512,4385758 
quic,2048,512,4281390 
quic,2048,512,4020043 
quic,2048,512,4730759 
quic,2048,512,5009366 
quic,2048,512,4046385 
quic,2048,512,5238303 
quic,2048,512,4652291 
quic,2048,512,3634024 
quic,2048,512,4572783 
quic,2048,512,5321409 
quic,2048,512,5261696 
quic,2048,512,5066845 
quic,2048,512,6108815 
quic,2048,512,5980142 
quic,2048,512,3823684 
quic,2048,512,3472348 
quic,2048,512,5155973 
quic,2048,512,6337763 
quic,2048,512,3679351 
quic,2048,512,4555826 
quic,2048,512,6427526 
quic,2048,512,5836287 
quic,2048,512,6127961 
quic,2048,512,4246651 
quic,2048,512,3865275 
quic,2048,512,4415980 
quic,2048,512,4871546 
quic,2048,512,825732 
quic,2048,512,4929666 
quic,2048,512,4662447 
quic,2048,512,5240569 
quic,2048,512,3847999 
quic,2048,512,4257834 
quic,2048,512,4955145 
quic,2048,512,4598663 
quic,2048,512,6147347 
quic,2048,512,4564919 
quic,2048,512,4682353 
quic,2048,512,5394443 
quic,2048,512,4691246 
quic,2048,512,4438858 
quic,2048,576,4281096 
quic,2048,576,5799923 
quic,2048,576,4916999 
quic,2048,576,6003066 
quic,2048,576,4560967 
quic,2048,576,3116848 
quic,2048,576,5853080 
quic,2048,576,5623773 
quic,2048,576,5013700 
quic,2048,576,5399139 
quic,2048,576,6494650 
quic,2048,576,5378144 
quic,2048,576,4411375 
quic,2048,576,5418541 
quic,2048,576,6116556 
quic,2048,576,4639107 
quic,2048,576,4653826 
quic,2048,576,5317353 
quic,2048,576,5614547 
quic,2048,576,5945229 
quic,2048,576,6556422 
quic,2048,576,5201849 
quic,2048,576,5800532 
quic,2048,576,5488748 
quic,2048,576,4282021 
quic,2048,576,4671813 
quic,2048,576,6014202 
quic,2048,576,6009611 
quic,2048,576,5069790 
quic,2048,576,7364446 
quic,2048,576,6049986 
quic,2048,576,6122429 
quic,2048,576,6034313 
quic,2048,576,6765057 
quic,2048,576,5509905 
quic,2048,576,5914405 
quic,2048,576,5078453 
quic,2048,576,5000937 
quic,2048,576,5125320 
quic,2048,576,6054873 
quic,2048,576,6396266 
quic,2048,576,5288020 
quic,2048,576,5508527 
quic,2048,576,6482606 
quic,2048,576,6537132 
quic,2048,576,4972870 
quic,2048,576,5071042 
quic,2048,576,6153967 
quic,2048,576,4177487 
quic,2048,576,5073085 
quic,2048,576,6653062 
quic,2048,576,5360546 
quic,2048,576,5524570 
quic,2048,576,5168271 
quic,2048,576,5385516 
quic,2048,576,5356794 
quic,2048,576,5206093 
quic,2048,576,5296146 
quic,2048,576,5958829 
quic,2048,576,6001377 
quic,2048,576,6390224 
quic,2048,576,5383279 
quic,2048,576,6629603 
quic,2048,576,6752205 
quic,2048,576,5339915 
quic,2048,576,5553199 
quic,2048,576,4326335 
quic,2048,576,4865449 
quic,2048,576,5896813 
quic,2048,576,7099955 
quic,2048,576,5806749 
quic,2048,576,5948664 
quic,2048,576,5075776 
quic,2048,576,6944000 
quic,2048,576,6478773 
quic,2048,576,4789307 
quic,2048,576,5584971 
quic,2048,576,6348658 
quic,2048,576,4716694 
quic,2048,576,5213953 
quic,2048,576,5959004 
quic,2048,576,6564965 
quic,2048,576,5593406 
quic,2048,576,5411513 
quic,2048,576,5109880 
quic,2048,576,6701716 
quic,2048,576,5419920 
quic,2048,576,5851513 
quic,2048,576,6064202 
quic,2048,576,5085007 
quic,2048,576,4588298 
quic,2048,576,5940714 
quic,2048,576,6507389 
quic,2048,576,5670134 
quic,2048,576,5090885 
quic,2048,576,5835610 
quic,2048,576,5120666 
quic,2048,576,6667056 
quic,2048,576,6691685 
quic,2048,576,5224012 
quic,2048,640,6737663 
quic,2048,640,6273407 
quic,2048,640,4951898 
quic,2048,640,6694332 
quic,2048,640,5234595 
quic,2048,640,5225262 
quic,2048,640,6443262 
quic,2048,640,5669737 
quic,2048,640,5828140 
quic,2048,640,4821808 
quic,2048,640,6181473 
quic,2048,640,5627879 
quic,2048,640,5540517 
quic,2048,640,2984957 
quic,2048,640,6117169 
quic,2048,640,4888646 
quic,2048,640,6861406 
quic,2048,640,6160051 
quic,2048,640,5721189 
quic,2048,640,6268374 
quic,2048,640,6012475 
quic,2048,640,4977520 
quic,2048,640,5333969 
quic,2048,640,7763528 
quic,2048,640,6469999 
quic,2048,640,6622072 
quic,2048,640,6945609 
quic,2048,640,6727683 
quic,2048,640,6345801 
quic,2048,640,5484135 
quic,2048,640,6717207 
quic,2048,640,5597489 
quic,2048,640,8084587 
quic,2048,640,6382180 
quic,2048,640,7825218 
quic,2048,640,6772966 
quic,2048,640,6737513 
quic,2048,640,5025402 
quic,2048,640,5019893 
quic,2048,640,7244999 
quic,2048,640,7410324 
quic,2048,640,4994028 
quic,2048,640,6326732 
quic,2048,640,5897063 
quic,2048,640,5785550 
quic,2048,640,5704495 
quic,2048,640,5829887 
quic,2048,640,5615208 
quic,2048,640,4963384 
quic,2048,640,5869563 
quic,2048,640,6487892 
quic,2048,640,6295625 
quic,2048,640,8045480 
quic,2048,640,5678236 
quic,2048,640,6060262 
quic,2048,640,5212360 
quic,2048,640,6545913 
quic,2048,640,6758550 
quic,2048,640,5452056 
quic,2048,640,5181300 
quic,2048,640,6344936 
quic,2048,640,4236905 
quic,2048,640,6123375 
quic,2048,640,5990536 
quic,2048,640,6431601 
quic,2048,640,6315220 
quic,2048,640,6177255 
quic,2048,640,7620774 
quic,2048,640,7840516 
quic,2048,640,6609097 
quic,2048,640,6245999 
quic,2048,640,6367096 
quic,2048,640,7439876 
quic,2048,640,4560757 
quic,2048,640,5646004 
quic,2048,640,5560448 
quic,2048,640,7260497 
quic,2048,640,5602942 
quic,2048,640,5819458 
quic,2048,640,6570981 
quic,2048,640,4553808 
quic,2048,640,7196239 
quic,2048,640,7042304 
quic,2048,640,8404262 
quic,2048,640,6971899 
quic,2048,640,4013066 
quic,2048,640,4811267 
quic,2048,640,6170682 
quic,2048,640,6020637 
quic,2048,640,5673009 
quic,2048,640,4861288 
quic,2048,640,7422873 
quic,2048,640,6226249 
quic,2048,640,6404347 
quic,2048,640,5948685 
quic,2048,640,6491761 
quic,2048,640,6122899 
quic,2048,640,5716664 
quic,2048,640,5733569 
quic,2048,640,5810299 
quic,2048,704,7343507 
quic,2048,704,7056721 
quic,2048,704,6347974 
quic,2048,704,5737855 
quic,2048,704,5825732 
quic,2048,704,6164553 
quic,2048,704,6181734 
quic,2048,704,5878288 
quic,2048,704,6074629 
quic,2048,704,7063367 
quic,2048,704,4730946 
quic,2048,704,5850156 
quic,2048,704,6700572 
quic,2048,704,6414547 
quic,2048,704,5738226 
quic,2048,704,4971339 
quic,2048,704,4923494 
quic,2048,704,5876250 
quic,2048,704,8157653 
quic,2048,704,8641761 
quic,2048,704,6859089 
quic,2048,704,5299026 
quic,2048,704,7051041 
quic,2048,704,6169516 
quic,2048,704,5805826 
quic,2048,704,7094325 
quic,2048,704,6481990 
quic,2048,704,6617463 
quic,2048,704,6567144 
quic,2048,704,5983179 
quic,2048,704,7094817 
quic,2048,704,9077516 
quic,2048,704,6072211 
quic,2048,704,5390152 
quic,2048,704,6733876 
quic,2048,704,7334550 
quic,2048,704,7617035 
quic,2048,704,6084102 
quic,2048,704,6983436 
quic,2048,704,6712209 
quic,2048,704,4434429 
quic,2048,704,4730776 
quic,2048,704,6704986 
quic,2048,704,7039004 
quic,2048,704,4336448 
quic,2048,704,4976481 
quic,2048,704,7318906 
quic,2048,704,6804355 
quic,2048,704,7321806 
quic,2048,704,5247531 
quic,2048,704,6241839 
quic,2048,704,7644803 
quic,2048,704,6265344 
quic,2048,704,5950889 
quic,2048,704,6408169 
quic,2048,704,5932421 
quic,2048,704,6526723 
quic,2048,704,6413136 
quic,2048,704,6539568 
quic,2048,704,5335880 
quic,2048,704,6199147 
quic,2048,704,7800283 
quic,2048,704,5936194 
quic,2048,704,6811537 
quic,2048,704,6861374 
quic,2048,704,5468003 
quic,2048,704,5990695 
quic,2048,704,6490163 
quic,2048,704,6404468 
quic,2048,704,5994856 
quic,2048,704,6026345 
quic,2048,704,6020829 
quic,2048,704,5713363 
quic,2048,704,6471179 
quic,2048,704,6610469 
quic,2048,704,6015019 
quic,2048,704,7269632 
quic,2048,704,6914259 
quic,2048,704,7452975 
quic,2048,704,6455302 
quic,2048,704,5039428 
quic,2048,704,7620028 
quic,2048,704,8192842 
quic,2048,704,7831403 
quic,2048,704,5279759 
quic,2048,704,4421285 
quic,2048,704,6515547 
quic,2048,704,5534155 
quic,2048,704,5843029 
quic,2048,704,6775848 
quic,2048,704,5999579 
quic,2048,704,6725094 
quic,2048,704,5528079 
quic,2048,704,6261091 
quic,2048,704,5695518 
quic,2048,704,6523515 
quic,2048,704,15280758 
quic,2048,704,6341067 
quic,2048,704,8517431 
quic,2048,704,6261006 
quic,2048,768,5703367 
quic,2048,768,7240674 
quic,2048,768,5611975 
quic,2048,768,7237829 
quic,2048,768,8031536 
quic,2048,768,9839510 
quic,2048,768,7750463 
quic,2048,768,8290590 
quic,2048,768,6315456 
quic,2048,768,6863141 
quic,2048,768,7821023 
quic,2048,768,6730208 
quic,2048,768,7023267 
quic,2048,768,6639545 
quic,2048,768,7642151 
quic,2048,768,6677863 
quic,2048,768,6883740 
quic,2048,768,6430415 
quic,2048,768,7228317 
quic,2048,768,7375388 
quic,2048,768,6649533 
quic,2048,768,6831903 
quic,2048,768,6638026 
quic,2048,768,5552748 
quic,2048,768,2833300 
