quic,2048,64,172179 
quic,2048,64,48728 
quic,2048,64,32319 
quic,2048,64,30619 
quic,2048,64,21308 
quic,2048,64,12758 
quic,2048,64,10639 
quic,2048,64,10336 
quic,2048,64,10021 
quic,2048,64,7570 
quic,2048,64,34642 
quic,2048,64,25420 
quic,2048,64,15327 
quic,2048,64,17823 
quic,2048,64,22130 
quic,2048,64,20719 
quic,2048,64,18898 
quic,2048,64,12347 
quic,2048,64,13981 
quic,2048,64,7385 
quic,2048,64,8296 
quic,2048,64,9296 
quic,2048,64,10035 
quic,2048,64,11192 
quic,2048,64,9638 
quic,2048,64,10716 
quic,2048,64,10829 
quic,2048,64,8046 
quic,2048,64,14567 
quic,2048,64,9733 
quic,2048,64,5692 
quic,2048,64,7093 
quic,2048,64,39374 
quic,2048,64,39664 
quic,2048,64,16113 
quic,2048,64,14516 
quic,2048,64,11589 
quic,2048,64,20707 
quic,2048,64,9384 
quic,2048,64,35889 
quic,2048,64,20229 
quic,2048,64,12662 
quic,2048,64,10749 
quic,2048,64,9681 
quic,2048,64,8238 
quic,2048,64,7170 
quic,2048,64,41218 
quic,2048,64,18977 
quic,2048,64,31872 
quic,2048,64,16792 
quic,2048,64,38191 
quic,2048,64,16445 
quic,2048,64,30570 
quic,2048,64,21879 
quic,2048,64,10735 
quic,2048,64,36837 
quic,2048,64,17637 
quic,2048,64,18283 
quic,2048,64,38475 
quic,2048,64,13760 
quic,2048,64,13799 
quic,2048,64,37363 
quic,2048,64,23287 
quic,2048,64,12826 
quic,2048,64,27141 
quic,2048,64,10826 
quic,2048,64,5837 
quic,2048,64,12880 
quic,2048,64,7462 
quic,2048,64,9044 
quic,2048,64,5814 
quic,2048,64,7761 
quic,2048,64,7282 
quic,2048,64,8908 
quic,2048,64,10413 
quic,2048,64,8101 
quic,2048,64,9185 
quic,2048,64,9364 
quic,2048,64,11341 
quic,2048,64,11906 
quic,2048,64,14207 
quic,2048,64,17087 
quic,2048,64,16219 
quic,2048,64,12503 
quic,2048,64,22857 
quic,2048,64,20645 
quic,2048,64,8028 
quic,2048,64,11821 
quic,2048,64,11149 
quic,2048,64,29629 
quic,2048,64,23963 
quic,2048,64,11591 
quic,2048,64,5221 
quic,2048,64,27424 
quic,2048,64,18533 
quic,2048,64,15878 
quic,2048,64,22214 
quic,2048,64,22705 
quic,2048,64,24978 
quic,2048,64,22810 
quic,2048,128,21877 
quic,2048,128,23176 
quic,2048,128,42474 
quic,2048,128,30687 
quic,2048,128,41106 
quic,2048,128,32669 
quic,2048,128,31809 
quic,2048,128,36177 
quic,2048,128,16679 
quic,2048,128,17184 
quic,2048,128,38546 
quic,2048,128,20164 
quic,2048,128,35081 
quic,2048,128,34089 
quic,2048,128,14966 
quic,2048,128,13594 
quic,2048,128,52495 
quic,2048,128,18155 
quic,2048,128,19140 
quic,2048,128,37691 
quic,2048,128,31813 
quic,2048,128,38969 
quic,2048,128,19879 
quic,2048,128,20171 
quic,2048,128,22421 
quic,2048,128,21528 
quic,2048,128,41933 
quic,2048,128,38421 
quic,2048,128,32291 
quic,2048,128,35522 
quic,2048,128,19559 
quic,2048,128,15774 
quic,2048,128,14841 
quic,2048,128,14177 
quic,2048,128,14930 
quic,2048,128,15435 
quic,2048,128,12284 
quic,2048,128,17709 
quic,2048,128,12161 
quic,2048,128,14502 
quic,2048,128,13553 
quic,2048,128,15319 
quic,2048,128,12446 
quic,2048,128,52768 
quic,2048,128,11781 
quic,2048,128,9480 
quic,2048,128,17532 
quic,2048,128,43068 
quic,2048,128,14927 
quic,2048,128,14776 
quic,2048,128,41887 
quic,2048,128,17513 
quic,2048,128,21179 
quic,2048,128,20005 
quic,2048,128,14552 
quic,2048,128,12960 
quic,2048,128,23258 
quic,2048,128,44012 
quic,2048,128,33692 
quic,2048,128,20973 
quic,2048,128,40969 
quic,2048,128,26814 
quic,2048,128,21019 
quic,2048,128,22379 
quic,2048,128,26637 
quic,2048,128,32589 
quic,2048,128,30474 
quic,2048,128,17433 
quic,2048,128,23629 
quic,2048,128,39345 
quic,2048,128,23707 
quic,2048,128,28178 
quic,2048,128,16343 
quic,2048,128,47149 
quic,2048,128,19007 
quic,2048,128,32737 
quic,2048,128,39861 
quic,2048,128,17214 
quic,2048,128,40404 
quic,2048,128,28000 
quic,2048,128,37641 
quic,2048,128,35670 
quic,2048,128,16178 
quic,2048,128,13145 
quic,2048,128,43515 
quic,2048,128,19017 
quic,2048,128,32238 
quic,2048,128,31335 
quic,2048,128,15231 
quic,2048,128,36888 
quic,2048,128,30148 
quic,2048,128,25015 
quic,2048,128,14874 
quic,2048,128,40631 
quic,2048,128,19591 
quic,2048,128,17673 
quic,2048,128,14519 
quic,2048,128,14663 
quic,2048,128,14741 
quic,2048,128,14106 
quic,2048,192,30312 
quic,2048,192,25770 
quic,2048,192,23360 
quic,2048,192,20630 
quic,2048,192,25840 
quic,2048,192,46142 
quic,2048,192,21320 
quic,2048,192,23109 
quic,2048,192,25180 
quic,2048,192,57497 
quic,2048,192,24065 
quic,2048,192,24609 
quic,2048,192,20198 
quic,2048,192,27846 
quic,2048,192,35234 
quic,2048,192,27310 
quic,2048,192,23438 
quic,2048,192,26915 
quic,2048,192,39273 
quic,2048,192,29349 
quic,2048,192,26354 
quic,2048,192,25253 
quic,2048,192,33688 
quic,2048,192,24590 
quic,2048,192,52315 
quic,2048,192,28813 
quic,2048,192,24855 
quic,2048,192,19635 
quic,2048,192,23133 
quic,2048,192,19924 
quic,2048,192,22316 
quic,2048,192,21058 
quic,2048,192,57429 
quic,2048,192,21576 
quic,2048,192,25119 
quic,2048,192,22999 
quic,2048,192,23430 
quic,2048,192,20927 
quic,2048,192,20684 
quic,2048,192,24930 
quic,2048,192,22839 
quic,2048,192,33688 
quic,2048,192,20508 
quic,2048,192,22689 
quic,2048,192,20389 
quic,2048,192,25138 
quic,2048,192,34009 
quic,2048,192,38494 
quic,2048,192,30349 
quic,2048,192,47384 
quic,2048,192,24036 
quic,2048,192,25767 
quic,2048,192,19949 
quic,2048,192,22598 
quic,2048,192,23341 
quic,2048,192,24501 
quic,2048,192,23262 
quic,2048,192,25470 
quic,2048,192,24273 
quic,2048,192,19790 
quic,2048,192,25126 
quic,2048,192,19367 
quic,2048,192,39168 
quic,2048,192,28339 
quic,2048,192,48061 
quic,2048,192,25813 
quic,2048,192,24402 
quic,2048,192,27361 
quic,2048,192,25653 
quic,2048,192,34473 
quic,2048,192,23627 
quic,2048,192,22987 
quic,2048,192,27444 
quic,2048,192,18176 
quic,2048,192,23618 
quic,2048,192,44121 
quic,2048,192,44898 
quic,2048,192,29515 
quic,2048,192,52932 
quic,2048,192,31749 
quic,2048,192,37672 
quic,2048,192,35076 
quic,2048,192,38814 
quic,2048,192,30952 
quic,2048,192,35903 
quic,2048,192,21734 
quic,2048,192,57163 
quic,2048,192,19612 
quic,2048,192,21537 
quic,2048,192,21384 
quic,2048,192,21359 
quic,2048,192,20796 
quic,2048,192,25554 
quic,2048,192,19599 
quic,2048,192,20612 
quic,2048,192,19455 
quic,2048,192,29662 
quic,2048,192,43414 
quic,2048,192,56573 
quic,2048,192,56752 
quic,2048,256,50062 
quic,2048,256,27601 
quic,2048,256,60962 
quic,2048,256,30125 
quic,2048,256,68225 
quic,2048,256,33806 
quic,2048,256,63936 
quic,2048,256,36103 
quic,2048,256,56148 
quic,2048,256,44435 
quic,2048,256,31480 
quic,2048,256,29149 
quic,2048,256,30721 
quic,2048,256,26929 
quic,2048,256,65984 
quic,2048,256,28667 
quic,2048,256,31954 
quic,2048,256,37797 
quic,2048,256,49294 
quic,2048,256,59247 
quic,2048,256,48135 
quic,2048,256,50855 
quic,2048,256,24687 
quic,2048,256,56245 
quic,2048,256,33031 
quic,2048,256,35232 
quic,2048,256,32320 
quic,2048,256,34605 
quic,2048,256,38242 
quic,2048,256,28194 
quic,2048,256,32312 
quic,2048,256,42320 
quic,2048,256,35569 
quic,2048,256,36015 
quic,2048,256,29732 
quic,2048,256,36488 
quic,2048,256,28202 
quic,2048,256,29302 
quic,2048,256,28014 
quic,2048,256,28361 
quic,2048,256,26926 
quic,2048,256,28960 
quic,2048,256,31344 
quic,2048,256,28137 
quic,2048,256,27248 
quic,2048,256,28910 
quic,2048,256,26378 
quic,2048,256,28337 
quic,2048,256,27059 
quic,2048,256,27992 
quic,2048,256,47720 
quic,2048,256,42755 
quic,2048,256,31139 
quic,2048,256,65917 
quic,2048,256,33056 
quic,2048,256,68163 
quic,2048,256,27435 
quic,2048,256,26871 
quic,2048,256,29396 
quic,2048,256,53741 
quic,2048,256,43756 
quic,2048,256,27233 
quic,2048,256,26683 
quic,2048,256,36206 
quic,2048,256,33122 
quic,2048,256,30191 
quic,2048,256,64866 
quic,2048,256,27018 
quic,2048,256,57384 
quic,2048,256,45552 
quic,2048,256,55111 
quic,2048,256,49812 
quic,2048,256,42358 
quic,2048,256,39320 
quic,2048,256,32254 
quic,2048,256,58588 
quic,2048,256,32745 
quic,2048,256,36540 
quic,2048,256,84717 
quic,2048,256,33481 
quic,2048,256,24730 
quic,2048,256,28955 
quic,2048,256,60188 
quic,2048,256,35806 
quic,2048,256,66716 
quic,2048,256,42010 
quic,2048,256,35092 
quic,2048,256,28180 
quic,2048,256,30213 
quic,2048,256,33669 
quic,2048,256,29538 
quic,2048,256,33034 
quic,2048,256,58977 
quic,2048,256,42892 
quic,2048,256,33185 
quic,2048,256,60016 
quic,2048,256,39259 
quic,2048,256,35576 
quic,2048,256,64115 
quic,2048,256,50418 
quic,2048,320,146368 
quic,2048,320,139929 
quic,2048,320,146388 
quic,2048,320,143648 
quic,2048,320,150189 
quic,2048,320,153224 
quic,2048,320,170369 
quic,2048,320,133934 
quic,2048,320,127291 
quic,2048,320,117225 
quic,2048,320,114908 
quic,2048,320,113584 
quic,2048,320,120890 
quic,2048,320,116398 
quic,2048,320,119882 
quic,2048,320,117694 
quic,2048,320,123602 
quic,2048,320,131039 
quic,2048,320,151283 
quic,2048,320,148911 
quic,2048,320,139377 
quic,2048,320,133743 
quic,2048,320,118796 
quic,2048,320,114324 
quic,2048,320,126390 
quic,2048,320,125903 
quic,2048,320,119111 
quic,2048,320,115471 
quic,2048,320,115539 
quic,2048,320,115839 
quic,2048,320,122919 
quic,2048,320,117747 
quic,2048,320,118086 
quic,2048,320,111217 
quic,2048,320,111984 
quic,2048,320,111154 
quic,2048,320,110570 
quic,2048,320,111608 
quic,2048,320,128092 
quic,2048,320,111169 
quic,2048,320,113649 
quic,2048,320,115665 
quic,2048,320,129185 
quic,2048,320,116373 
quic,2048,320,130619 
quic,2048,320,130693 
quic,2048,320,118340 
quic,2048,320,127083 
quic,2048,320,123397 
quic,2048,320,130234 
quic,2048,320,131942 
quic,2048,320,125660 
quic,2048,320,137968 
quic,2048,320,120403 
quic,2048,320,115685 
quic,2048,320,119731 
quic,2048,320,130437 
quic,2048,320,125472 
quic,2048,320,139296 
quic,2048,320,114909 
quic,2048,320,126496 
quic,2048,320,112168 
quic,2048,320,149577 
quic,2048,320,161415 
quic,2048,320,151058 
quic,2048,320,139408 
quic,2048,320,129144 
quic,2048,320,129715 
quic,2048,320,116569 
quic,2048,320,129496 
quic,2048,320,140828 
quic,2048,320,142043 
quic,2048,320,123107 
quic,2048,320,126273 
quic,2048,320,123706 
quic,2048,320,122889 
quic,2048,320,136553 
quic,2048,320,122481 
quic,2048,320,129845 
quic,2048,320,136659 
quic,2048,320,110088 
quic,2048,320,118619 
quic,2048,320,122481 
quic,2048,320,122747 
quic,2048,320,119672 
quic,2048,320,124631 
quic,2048,320,123693 
quic,2048,320,120646 
quic,2048,320,141868 
quic,2048,320,137615 
quic,2048,320,143878 
quic,2048,320,127848 
quic,2048,320,129768 
quic,2048,320,132168 
quic,2048,320,123519 
quic,2048,320,125982 
quic,2048,320,148831 
quic,2048,320,151831 
quic,2048,320,115757 
quic,2048,320,122827 
quic,2048,384,170558 
quic,2048,384,146935 
quic,2048,384,141050 
quic,2048,384,151493 
quic,2048,384,163057 
quic,2048,384,139307 
quic,2048,384,144275 
quic,2048,384,144910 
quic,2048,384,153075 
quic,2048,384,146178 
quic,2048,384,170572 
quic,2048,384,166643 
quic,2048,384,167628 
quic,2048,384,172145 
quic,2048,384,157758 
quic,2048,384,149731 
quic,2048,384,174422 
quic,2048,384,155622 
quic,2048,384,187850 
quic,2048,384,155890 
quic,2048,384,180411 
quic,2048,384,158915 
quic,2048,384,161737 
quic,2048,384,175730 
quic,2048,384,167178 
quic,2048,384,184841 
quic,2048,384,159379 
quic,2048,384,170810 
quic,2048,384,144570 
quic,2048,384,153131 
quic,2048,384,174035 
quic,2048,384,143997 
quic,2048,384,155003 
quic,2048,384,162682 
quic,2048,384,158488 
quic,2048,384,168296 
quic,2048,384,124761 
quic,2048,384,138044 
quic,2048,384,130744 
quic,2048,384,147648 
quic,2048,384,135807 
quic,2048,384,139452 
quic,2048,384,126285 
quic,2048,384,123715 
quic,2048,384,126788 
quic,2048,384,130217 
quic,2048,384,130858 
quic,2048,384,120527 
quic,2048,384,119883 
quic,2048,384,119413 
quic,2048,384,140166 
quic,2048,384,131007 
quic,2048,384,133559 
quic,2048,384,139578 
quic,2048,384,143968 
quic,2048,384,133535 
quic,2048,384,138069 
quic,2048,384,151081 
quic,2048,384,135574 
quic,2048,384,136756 
quic,2048,384,136674 
quic,2048,384,164650 
quic,2048,384,163688 
quic,2048,384,150941 
quic,2048,384,153866 
quic,2048,384,150970 
quic,2048,384,152691 
quic,2048,384,147721 
quic,2048,384,134013 
quic,2048,384,127867 
quic,2048,384,142296 
quic,2048,384,138412 
quic,2048,384,124897 
quic,2048,384,146433 
quic,2048,384,138414 
quic,2048,384,127496 
quic,2048,384,138202 
quic,2048,384,129291 
quic,2048,384,124747 
quic,2048,384,121842 
quic,2048,384,122177 
quic,2048,384,127591 
quic,2048,384,131183 
quic,2048,384,129160 
quic,2048,384,135413 
quic,2048,384,130172 
quic,2048,384,153748 
quic,2048,384,142506 
quic,2048,384,139299 
quic,2048,384,131847 
quic,2048,384,128735 
quic,2048,384,124081 
quic,2048,384,125871 
quic,2048,384,125697 
quic,2048,384,129815 
quic,2048,384,125402 
quic,2048,384,125041 
quic,2048,384,136762 
quic,2048,384,129097 
quic,2048,384,122131 
quic,2048,448,140075 
quic,2048,448,137006 
quic,2048,448,137680 
quic,2048,448,138643 
quic,2048,448,152526 
quic,2048,448,159047 
quic,2048,448,137669 
quic,2048,448,133253 
quic,2048,448,140373 
quic,2048,448,137905 
quic,2048,448,150986 
quic,2048,448,142671 
quic,2048,448,140637 
quic,2048,448,133248 
quic,2048,448,133335 
quic,2048,448,129316 
quic,2048,448,137733 
quic,2048,448,139378 
quic,2048,448,133845 
quic,2048,448,137172 
quic,2048,448,152190 
quic,2048,448,129106 
quic,2048,448,142612 
quic,2048,448,138130 
quic,2048,448,133876 
quic,2048,448,135122 
quic,2048,448,137527 
quic,2048,448,142193 
quic,2048,448,145951 
quic,2048,448,136237 
quic,2048,448,149724 
quic,2048,448,134650 
quic,2048,448,126981 
quic,2048,448,130928 
quic,2048,448,132293 
quic,2048,448,138364 
quic,2048,448,149784 
quic,2048,448,137383 
quic,2048,448,131459 
quic,2048,448,136296 
quic,2048,448,129995 
quic,2048,448,125885 
quic,2048,448,141601 
quic,2048,448,132356 
quic,2048,448,137382 
quic,2048,448,134671 
quic,2048,448,145001 
quic,2048,448,132246 
quic,2048,448,146224 
quic,2048,448,142772 
quic,2048,448,131746 
quic,2048,448,137084 
quic,2048,448,129007 
quic,2048,448,134945 
quic,2048,448,142371 
quic,2048,448,128409 
quic,2048,448,138665 
quic,2048,448,134812 
quic,2048,448,133689 
quic,2048,448,136068 
quic,2048,448,136641 
quic,2048,448,138538 
quic,2048,448,134524 
quic,2048,448,130095 
quic,2048,448,144810 
quic,2048,448,127665 
quic,2048,448,146881 
quic,2048,448,159131 
quic,2048,448,142560 
quic,2048,448,134152 
quic,2048,448,147731 
quic,2048,448,131578 
quic,2048,448,132902 
quic,2048,448,127157 
quic,2048,448,134687 
quic,2048,448,128887 
quic,2048,448,132029 
quic,2048,448,147928 
quic,2048,448,134426 
quic,2048,448,127145 
quic,2048,448,127189 
quic,2048,448,134247 
quic,2048,448,131630 
quic,2048,448,128418 
quic,2048,448,133687 
quic,2048,448,140218 
quic,2048,448,133308 
quic,2048,448,128941 
quic,2048,448,140691 
quic,2048,448,134170 
quic,2048,448,141585 
quic,2048,448,139968 
quic,2048,448,140657 
quic,2048,448,131591 
quic,2048,448,139073 
quic,2048,448,135823 
quic,2048,448,139330 
quic,2048,448,136802 
quic,2048,448,127171 
quic,2048,448,130518 
quic,2048,512,134623 
quic,2048,512,164848 
quic,2048,512,145245 
quic,2048,512,155717 
quic,2048,512,148070 
quic,2048,512,156192 
quic,2048,512,136672 
quic,2048,512,144602 
quic,2048,512,149566 
quic,2048,512,157044 
quic,2048,512,139997 
quic,2048,512,160110 
quic,2048,512,138747 
quic,2048,512,138815 
quic,2048,512,142878 
quic,2048,512,138436 
quic,2048,512,138520 
quic,2048,512,135696 
quic,2048,512,146333 
quic,2048,512,154537 
quic,2048,512,143413 
quic,2048,512,145195 
quic,2048,512,164209 
quic,2048,512,135283 
quic,2048,512,139019 
quic,2048,512,136449 
quic,2048,512,142272 
quic,2048,512,146603 
quic,2048,512,142169 
quic,2048,512,143056 
quic,2048,512,136676 
quic,2048,512,147860 
quic,2048,512,174548 
quic,2048,512,168673 
quic,2048,512,140472 
quic,2048,512,137281 
quic,2048,512,165349 
quic,2048,512,150119 
quic,2048,512,138241 
quic,2048,512,162263 
quic,2048,512,162403 
quic,2048,512,136315 
quic,2048,512,180976 
quic,2048,512,151061 
quic,2048,512,143271 
quic,2048,512,153525 
quic,2048,512,143109 
quic,2048,512,157310 
quic,2048,512,136738 
quic,2048,512,147454 
quic,2048,512,165188 
quic,2048,512,161062 
quic,2048,512,148859 
quic,2048,512,147024 
quic,2048,512,148862 
quic,2048,512,160934 
quic,2048,512,146520 
quic,2048,512,139955 
quic,2048,512,145307 
quic,2048,512,154657 
quic,2048,512,144093 
quic,2048,512,140831 
quic,2048,512,137135 
quic,2048,512,141821 
quic,2048,512,134100 
quic,2048,512,140913 
quic,2048,512,148754 
quic,2048,512,138787 
quic,2048,512,149727 
quic,2048,512,143587 
quic,2048,512,148766 
quic,2048,512,150871 
quic,2048,512,161747 
quic,2048,512,136393 
quic,2048,512,150303 
quic,2048,512,140332 
quic,2048,512,155768 
quic,2048,512,136920 
quic,2048,512,179432 
quic,2048,512,136112 
quic,2048,512,159611 
quic,2048,512,161753 
quic,2048,512,147534 
quic,2048,512,149502 
quic,2048,512,140211 
quic,2048,512,139024 
quic,2048,512,142198 
quic,2048,512,143662 
quic,2048,512,143071 
quic,2048,512,138292 
quic,2048,512,144410 
quic,2048,512,138897 
quic,2048,512,137991 
quic,2048,512,139035 
quic,2048,512,135728 
quic,2048,512,147049 
quic,2048,512,149439 
quic,2048,512,143337 
quic,2048,512,144448 
quic,2048,512,146802 
quic,2048,576,151424 
quic,2048,576,147689 
quic,2048,576,148764 
quic,2048,576,163450 
quic,2048,576,141324 
quic,2048,576,146177 
quic,2048,576,158064 
quic,2048,576,140766 
quic,2048,576,157030 
quic,2048,576,162957 
quic,2048,576,153602 
quic,2048,576,142869 
quic,2048,576,171680 
quic,2048,576,144294 
quic,2048,576,154907 
quic,2048,576,151443 
quic,2048,576,162428 
quic,2048,576,163913 
quic,2048,576,159815 
quic,2048,576,150058 
quic,2048,576,169910 
quic,2048,576,151811 
quic,2048,576,151522 
quic,2048,576,152677 
quic,2048,576,162865 
quic,2048,576,150181 
quic,2048,576,152533 
quic,2048,576,143304 
quic,2048,576,150677 
quic,2048,576,151665 
quic,2048,576,149315 
quic,2048,576,172711 
quic,2048,576,146284 
quic,2048,576,163159 
quic,2048,576,152575 
quic,2048,576,139554 
quic,2048,576,146870 
quic,2048,576,161986 
quic,2048,576,153715 
quic,2048,576,156921 
quic,2048,576,160877 
quic,2048,576,147726 
quic,2048,576,173983 
quic,2048,576,163658 
quic,2048,576,165040 
quic,2048,576,157946 
quic,2048,576,152852 
quic,2048,576,154612 
quic,2048,576,163822 
quic,2048,576,152389 
quic,2048,576,173269 
quic,2048,576,152901 
quic,2048,576,164724 
quic,2048,576,150266 
quic,2048,576,149355 
quic,2048,576,145630 
quic,2048,576,141751 
quic,2048,576,150586 
quic,2048,576,143787 
quic,2048,576,146736 
quic,2048,576,150124 
quic,2048,576,175136 
quic,2048,576,144662 
quic,2048,576,166652 
quic,2048,576,146183 
quic,2048,576,154605 
quic,2048,576,148409 
quic,2048,576,145032 
quic,2048,576,163082 
quic,2048,576,176564 
quic,2048,576,196903 
quic,2048,576,159033 
quic,2048,576,165760 
quic,2048,576,148792 
quic,2048,576,150690 
quic,2048,576,143856 
quic,2048,576,145387 
quic,2048,576,149652 
quic,2048,576,154094 
quic,2048,576,164593 
quic,2048,576,154103 
quic,2048,576,148498 
quic,2048,576,160689 
quic,2048,576,151096 
quic,2048,576,149242 
quic,2048,576,192089 
quic,2048,576,291184 
quic,2048,576,334724 
quic,2048,576,274521 
quic,2048,576,434840 
quic,2048,576,559442 
quic,2048,576,340228 
quic,2048,576,451539 
quic,2048,576,505449 
quic,2048,576,249415 
quic,2048,576,440263 
quic,2048,576,491017 
quic,2048,576,225520 
quic,2048,576,222314 
quic,2048,576,272391 
quic,2048,640,166673 
quic,2048,640,189986 
quic,2048,640,163565 
quic,2048,640,159983 
quic,2048,640,148099 
quic,2048,640,151886 
quic,2048,640,155682 
quic,2048,640,146009 
quic,2048,640,164088 
quic,2048,640,171415 
quic,2048,640,156319 
quic,2048,640,156205 
quic,2048,640,152560 
quic,2048,640,145926 
quic,2048,640,163250 
quic,2048,640,170044 
quic,2048,640,185196 
quic,2048,640,157561 
quic,2048,640,165404 
quic,2048,640,153917 
quic,2048,640,154346 
quic,2048,640,154808 
quic,2048,640,164389 
quic,2048,640,164282 
quic,2048,640,153032 
quic,2048,640,148568 
quic,2048,640,158346 
quic,2048,640,165760 
quic,2048,640,171946 
quic,2048,640,151039 
quic,2048,640,149793 
quic,2048,640,159022 
quic,2048,640,164460 
quic,2048,640,149464 
quic,2048,640,156580 
quic,2048,640,153445 
quic,2048,640,145580 
quic,2048,640,152358 
quic,2048,640,165885 
quic,2048,640,167833 
quic,2048,640,166287 
quic,2048,640,172402 
quic,2048,640,170356 
quic,2048,640,180830 
quic,2048,640,187006 
quic,2048,640,189819 
quic,2048,640,153426 
quic,2048,640,147386 
quic,2048,640,166423 
quic,2048,640,148456 
quic,2048,640,163795 
quic,2048,640,169143 
quic,2048,640,168044 
quic,2048,640,164936 
quic,2048,640,156752 
quic,2048,640,162226 
quic,2048,640,149199 
quic,2048,640,153272 
quic,2048,640,181047 
quic,2048,640,184591 
quic,2048,640,158119 
quic,2048,640,155822 
quic,2048,640,159165 
quic,2048,640,157979 
quic,2048,640,148329 
quic,2048,640,150787 
quic,2048,640,162097 
quic,2048,640,160908 
quic,2048,640,156525 
quic,2048,640,161157 
quic,2048,640,154218 
quic,2048,640,151399 
quic,2048,640,157347 
quic,2048,640,150877 
quic,2048,640,153770 
quic,2048,640,159529 
quic,2048,640,148910 
quic,2048,640,164761 
quic,2048,640,169503 
quic,2048,640,157570 
quic,2048,640,150491 
quic,2048,640,151573 
quic,2048,640,160951 
quic,2048,640,160200 
quic,2048,640,148982 
quic,2048,640,154154 
quic,2048,640,154933 
quic,2048,640,148236 
quic,2048,640,164541 
quic,2048,640,151461 
quic,2048,640,159500 
quic,2048,640,160147 
quic,2048,640,147936 
quic,2048,640,166529 
quic,2048,640,157757 
quic,2048,640,164261 
quic,2048,640,184232 
quic,2048,640,159211 
quic,2048,640,162826 
quic,2048,640,172376 
quic,2048,704,217321 
quic,2048,704,238184 
quic,2048,704,238626 
quic,2048,704,223582 
quic,2048,704,212646 
quic,2048,704,212215 
quic,2048,704,215222 
quic,2048,704,217612 
quic,2048,704,229731 
quic,2048,704,220834 
quic,2048,704,222035 
quic,2048,704,228391 
quic,2048,704,226503 
quic,2048,704,223486 
quic,2048,704,223281 
quic,2048,704,220005 
quic,2048,704,218143 
quic,2048,704,217555 
quic,2048,704,213044 
quic,2048,704,215700 
quic,2048,704,212378 
quic,2048,704,214234 
quic,2048,704,219386 
quic,2048,704,221724 
quic,2048,704,224051 
quic,2048,704,226157 
quic,2048,704,217970 
quic,2048,704,227156 
quic,2048,704,220740 
quic,2048,704,221352 
quic,2048,704,220432 
quic,2048,704,218712 
quic,2048,704,222068 
quic,2048,704,225868 
quic,2048,704,230708 
quic,2048,704,238249 
quic,2048,704,228394 
quic,2048,704,228202 
quic,2048,704,236343 
quic,2048,704,226904 
quic,2048,704,221666 
quic,2048,704,214391 
quic,2048,704,222687 
quic,2048,704,215709 
quic,2048,704,218595 
quic,2048,704,217915 
quic,2048,704,226046 
quic,2048,704,219028 
quic,2048,704,221764 
quic,2048,704,229862 
quic,2048,704,219700 
quic,2048,704,228082 
quic,2048,704,212349 
quic,2048,704,216859 
quic,2048,704,223168 
quic,2048,704,222495 
quic,2048,704,219151 
quic,2048,704,222723 
quic,2048,704,220147 
quic,2048,704,220938 
quic,2048,704,224297 
quic,2048,704,220424 
quic,2048,704,221483 
quic,2048,704,223786 
quic,2048,704,219140 
quic,2048,704,221998 
quic,2048,704,232219 
quic,2048,704,217091 
quic,2048,704,218565 
quic,2048,704,236744 
quic,2048,704,221315 
quic,2048,704,217942 
quic,2048,704,217100 
quic,2048,704,220964 
quic,2048,704,226456 
quic,2048,704,216979 
quic,2048,704,216992 
quic,2048,704,230614 
quic,2048,704,220515 
quic,2048,704,219087 
quic,2048,704,222955 
quic,2048,704,226456 
quic,2048,704,227301 
quic,2048,704,221579 
quic,2048,704,231650 
quic,2048,704,225371 
quic,2048,704,226838 
quic,2048,704,236145 
quic,2048,704,231243 
quic,2048,704,216918 
quic,2048,704,214738 
quic,2048,704,221242 
quic,2048,704,228018 
quic,2048,704,214600 
quic,2048,704,222320 
quic,2048,704,220627 
quic,2048,704,221173 
quic,2048,704,223002 
quic,2048,704,216639 
quic,2048,704,219460 
quic,2048,768,232335 
quic,2048,768,267933 
quic,2048,768,248930 
quic,2048,768,250156 
quic,2048,768,230617 
quic,2048,768,226912 
quic,2048,768,230429 
quic,2048,768,227632 
quic,2048,768,226578 
quic,2048,768,229660 
quic,2048,768,226306 
quic,2048,768,224726 
quic,2048,768,243127 
quic,2048,768,266241 
quic,2048,768,240116 
quic,2048,768,231166 
quic,2048,768,229990 
quic,2048,768,236708 
quic,2048,768,244755 
quic,2048,768,240889 
quic,2048,768,232332 
quic,2048,768,247540 
quic,2048,768,237810 
quic,2048,768,228000 
quic,2048,768,232342 
quic,2048,768,226347 
quic,2048,768,263284 
quic,2048,768,272438 
quic,2048,768,248658 
quic,2048,768,241251 
quic,2048,768,272976 
quic,2048,768,234223 
quic,2048,768,220219 
quic,2048,768,267992 
quic,2048,768,293735 
quic,2048,768,239827 
quic,2048,768,228538 
quic,2048,768,233096 
quic,2048,768,225245 
quic,2048,768,234669 
quic,2048,768,233314 
quic,2048,768,230743 
quic,2048,768,274112 
quic,2048,768,235965 
quic,2048,768,221283 
quic,2048,768,230296 
quic,2048,768,236559 
quic,2048,768,227276 
quic,2048,768,230348 
quic,2048,768,231913 
quic,2048,768,232955 
quic,2048,768,224674 
quic,2048,768,241125 
quic,2048,768,224900 
quic,2048,768,225123 
quic,2048,768,249389 
quic,2048,768,245742 
quic,2048,768,240102 
quic,2048,768,232906 
quic,2048,768,239865 
quic,2048,768,251961 
quic,2048,768,248705 
quic,2048,768,229388 
quic,2048,768,228093 
quic,2048,768,231777 
quic,2048,768,233908 
quic,2048,768,232503 
quic,2048,768,281597 
quic,2048,768,250930 
quic,2048,768,225967 
quic,2048,768,260329 
quic,2048,768,241909 
quic,2048,768,229966 
quic,2048,768,226488 
quic,2048,768,225868 
quic,2048,768,235702 
quic,2048,768,279635 
quic,2048,768,277358 
quic,2048,768,233859 
quic,2048,768,284626 
quic,2048,768,260324 
quic,2048,768,232196 
quic,2048,768,222413 
quic,2048,768,223846 
quic,2048,768,231552 
quic,2048,768,236774 
quic,2048,768,234031 
quic,2048,768,227684 
quic,2048,768,244172 
quic,2048,768,235786 
quic,2048,768,232815 
quic,2048,768,261709 
quic,2048,768,269528 
quic,2048,768,229859 
quic,2048,768,230996 
quic,2048,768,255981 
quic,2048,768,228916 
quic,2048,768,228373 
quic,2048,768,231677 
quic,2048,768,230142 
quic,2048,832,242119 
quic,2048,832,243118 
quic,2048,832,249072 
quic,2048,832,265674 
quic,2048,832,243844 
quic,2048,832,257474 
quic,2048,832,277892 
quic,2048,832,290242 
quic,2048,832,303041 
quic,2048,832,294982 
quic,2048,832,241965 
quic,2048,832,272317 
quic,2048,832,245097 
quic,2048,832,241267 
quic,2048,832,246928 
quic,2048,832,247488 
quic,2048,832,242562 
quic,2048,832,245852 
quic,2048,832,239892 
quic,2048,832,245518 
quic,2048,832,258143 
quic,2048,832,234080 
quic,2048,832,243331 
quic,2048,832,239570 
quic,2048,832,247002 
quic,2048,832,248645 
quic,2048,832,257980 
quic,2048,832,245051 
quic,2048,832,235922 
quic,2048,832,232825 
quic,2048,832,253356 
quic,2048,832,246809 
quic,2048,832,256246 
quic,2048,832,238889 
quic,2048,832,256857 
quic,2048,832,235639 
quic,2048,832,254716 
quic,2048,832,278856 
quic,2048,832,274604 
quic,2048,832,286711 
quic,2048,832,258080 
quic,2048,832,249241 
quic,2048,832,262618 
quic,2048,832,253274 
quic,2048,832,238277 
quic,2048,832,276523 
quic,2048,832,255220 
quic,2048,832,238131 
quic,2048,832,243319 
quic,2048,832,237455 
quic,2048,832,240703 
quic,2048,832,241142 
quic,2048,832,243930 
quic,2048,832,251489 
quic,2048,832,257253 
quic,2048,832,256837 
quic,2048,832,240951 
quic,2048,832,264735 
quic,2048,832,247376 
quic,2048,832,256917 
quic,2048,832,232859 
quic,2048,832,262426 
quic,2048,832,254476 
quic,2048,832,261048 
quic,2048,832,257199 
quic,2048,832,235907 
quic,2048,832,247985 
quic,2048,832,273727 
quic,2048,832,252795 
quic,2048,832,235314 
quic,2048,832,242293 
quic,2048,832,257670 
quic,2048,832,236954 
quic,2048,832,241238 
quic,2048,832,232415 
quic,2048,832,255579 
quic,2048,832,248638 
quic,2048,832,230480 
quic,2048,832,251575 
quic,2048,832,237069 
quic,2048,832,265267 
quic,2048,832,239568 
quic,2048,832,250438 
quic,2048,832,252186 
quic,2048,832,238563 
quic,2048,832,245834 
quic,2048,832,254935 
quic,2048,832,249793 
quic,2048,832,250288 
quic,2048,832,245543 
quic,2048,832,256078 
quic,2048,832,264763 
quic,2048,832,255455 
quic,2048,832,277182 
quic,2048,832,265554 
quic,2048,832,260976 
quic,2048,832,264058 
quic,2048,832,246375 
quic,2048,832,246745 
quic,2048,832,260279 
quic,2048,896,265429 
quic,2048,896,256316 
quic,2048,896,266443 
quic,2048,896,240653 
quic,2048,896,242659 
quic,2048,896,268635 
quic,2048,896,257082 
quic,2048,896,246506 
quic,2048,896,243792 
quic,2048,896,259483 
quic,2048,896,241402 
quic,2048,896,242763 
quic,2048,896,265461 
quic,2048,896,274850 
quic,2048,896,307626 
quic,2048,896,287414 
quic,2048,896,300368 
quic,2048,896,312407 
quic,2048,896,280632 
quic,2048,896,239725 
quic,2048,896,261842 
quic,2048,896,245477 
quic,2048,896,248778 
quic,2048,896,247490 
quic,2048,896,256929 
quic,2048,896,251686 
quic,2048,896,243647 
quic,2048,896,254275 
quic,2048,896,245635 
quic,2048,896,254488 
quic,2048,896,251722 
quic,2048,896,245103 
quic,2048,896,252365 
quic,2048,896,243274 
quic,2048,896,239845 
quic,2048,896,259943 
quic,2048,896,244548 
quic,2048,896,246209 
quic,2048,896,245366 
quic,2048,896,259676 
quic,2048,896,270824 
quic,2048,896,281557 
quic,2048,896,293216 
quic,2048,896,304735 
quic,2048,896,282378 
quic,2048,896,298059 
quic,2048,896,268305 
quic,2048,896,238293 
quic,2048,896,266110 
quic,2048,896,254933 
quic,2048,896,249772 
quic,2048,896,249640 
quic,2048,896,260736 
quic,2048,896,253702 
quic,2048,896,255755 
quic,2048,896,273422 
quic,2048,896,319826 
quic,2048,896,305144 
quic,2048,896,290739 
quic,2048,896,252969 
quic,2048,896,245369 
quic,2048,896,255126 
quic,2048,896,277400 
quic,2048,896,264282 
quic,2048,896,289256 
quic,2048,896,292301 
quic,2048,896,251141 
quic,2048,896,252954 
quic,2048,896,245397 
quic,2048,896,251030 
quic,2048,896,245411 
quic,2048,896,274515 
quic,2048,896,258833 
quic,2048,896,301679 
quic,2048,896,296565 
quic,2048,896,248360 
quic,2048,896,259134 
quic,2048,896,255137 
quic,2048,896,297283 
quic,2048,896,259277 
quic,2048,896,261818 
quic,2048,896,256435 
quic,2048,896,259275 
quic,2048,896,269744 
quic,2048,896,250284 
quic,2048,896,240534 
quic,2048,896,243289 
quic,2048,896,253746 
quic,2048,896,237991 
quic,2048,896,269951 
quic,2048,896,258442 
quic,2048,896,242852 
quic,2048,896,240936 
quic,2048,896,254725 
quic,2048,896,246264 
quic,2048,896,264381 
quic,2048,896,255321 
quic,2048,896,239681 
quic,2048,896,245251 
quic,2048,896,281534 
quic,2048,960,317083 
quic,2048,960,270125 
quic,2048,960,251137 
quic,2048,960,254291 
quic,2048,960,260379 
quic,2048,960,261856 
quic,2048,960,286139 
quic,2048,960,262878 
quic,2048,960,251900 
quic,2048,960,259387 
quic,2048,960,256613 
quic,2048,960,250465 
quic,2048,960,250954 
quic,2048,960,251207 
quic,2048,960,252021 
quic,2048,960,253506 
quic,2048,960,251905 
quic,2048,960,277907 
quic,2048,960,273172 
quic,2048,960,267008 
quic,2048,960,293660 
quic,2048,960,292647 
quic,2048,960,272721 
quic,2048,960,294880 
quic,2048,960,286959 
quic,2048,960,257801 
quic,2048,960,269455 
quic,2048,960,255425 
quic,2048,960,292599 
quic,2048,960,309082 
quic,2048,960,314490 
quic,2048,960,305048 
quic,2048,960,304307 
quic,2048,960,347842 
quic,2048,960,318606 
quic,2048,960,348076 
quic,2048,960,324957 
quic,2048,960,322801 
quic,2048,960,295607 
quic,2048,960,328192 
quic,2048,960,321196 
quic,2048,960,300739 
quic,2048,960,318411 
quic,2048,960,301493 
quic,2048,960,302690 
quic,2048,960,279956 
quic,2048,960,277588 
quic,2048,960,313589 
quic,2048,960,271388 
quic,2048,960,277634 
quic,2048,960,282708 
quic,2048,960,259765 
quic,2048,960,247151 
quic,2048,960,260508 
quic,2048,960,259247 
quic,2048,960,248580 
quic,2048,960,263386 
quic,2048,960,260775 
quic,2048,960,250261 
quic,2048,960,251551 
quic,2048,960,272777 
quic,2048,960,260776 
quic,2048,960,274508 
quic,2048,960,265644 
quic,2048,960,254270 
quic,2048,960,258966 
quic,2048,960,249403 
quic,2048,960,258015 
quic,2048,960,257293 
quic,2048,960,263240 
quic,2048,960,281926 
quic,2048,960,266806 
quic,2048,960,272407 
quic,2048,960,261822 
quic,2048,960,261191 
quic,2048,960,262035 
quic,2048,960,248804 
quic,2048,960,250547 
quic,2048,960,261652 
quic,2048,960,260539 
quic,2048,960,249715 
quic,2048,960,255610 
quic,2048,960,256756 
quic,2048,960,263518 
quic,2048,960,260881 
quic,2048,960,276357 
quic,2048,960,307845 
quic,2048,960,316347 
quic,2048,960,316131 
quic,2048,960,302916 
quic,2048,960,251430 
quic,2048,960,252578 
quic,2048,960,260417 
quic,2048,960,251776 
quic,2048,960,272395 
quic,2048,960,275261 
quic,2048,960,252665 
quic,2048,960,272782 
quic,2048,960,253328 
quic,2048,960,257502 
quic,2048,1024,286231 
quic,2048,1024,275181 
quic,2048,1024,274076 
quic,2048,1024,261231 
quic,2048,1024,253937 
quic,2048,1024,275312 
quic,2048,1024,265781 
quic,2048,1024,257451 
quic,2048,1024,282073 
quic,2048,1024,258264 
quic,2048,1024,263715 
quic,2048,1024,260973 
quic,2048,1024,264930 
quic,2048,1024,271500 
quic,2048,1024,265280 
quic,2048,1024,258886 
quic,2048,1024,261813 
quic,2048,1024,268555 
quic,2048,1024,259233 
quic,2048,1024,266597 
quic,2048,1024,270902 
quic,2048,1024,268458 
quic,2048,1024,263388 
quic,2048,1024,277623 
quic,2048,1024,286441 
quic,2048,1024,273240 
quic,2048,1024,265289 
quic,2048,1024,273585 
quic,2048,1024,271808 
quic,2048,1024,277508 
quic,2048,1024,267727 
quic,2048,1024,272798 
quic,2048,1024,271913 
quic,2048,1024,262518 
quic,2048,1024,272039 
quic,2048,1024,287061 
quic,2048,1024,260112 
quic,2048,1024,265771 
quic,2048,1024,255988 
quic,2048,1024,264979 
quic,2048,1024,265913 
quic,2048,1024,272700 
quic,2048,1024,260839 
quic,2048,1024,277262 
quic,2048,1024,266901 
quic,2048,1024,260146 
quic,2048,1024,283376 
quic,2048,1024,269376 
quic,2048,1024,273161 
quic,2048,1024,264758 
quic,2048,1024,266783 
quic,2048,1024,284241 
quic,2048,1024,260866 
quic,2048,1024,264773 
quic,2048,1024,284626 
quic,2048,1024,278158 
quic,2048,1024,254206 
quic,2048,1024,278379 
quic,2048,1024,266131 
quic,2048,1024,277897 
quic,2048,1024,270887 
quic,2048,1024,279257 
quic,2048,1024,264543 
quic,2048,1024,261339 
quic,2048,1024,272121 
quic,2048,1024,282908 
quic,2048,1024,280351 
quic,2048,1024,268473 
quic,2048,1024,263441 
quic,2048,1024,260620 
quic,2048,1024,256269 
quic,2048,1024,281811 
quic,2048,1024,262256 
quic,2048,1024,272362 
quic,2048,1024,266165 
quic,2048,1024,268943 
quic,2048,1024,274601 
quic,2048,1024,264636 
quic,2048,1024,263198 
quic,2048,1024,280398 
quic,2048,1024,269421 
quic,2048,1024,257888 
quic,2048,1024,276601 
quic,2048,1024,266398 
quic,2048,1024,261582 
quic,2048,1024,264112 
quic,2048,1024,256469 
quic,2048,1024,259994 
quic,2048,1024,273211 
quic,2048,1024,267991 
quic,2048,1024,279988 
quic,2048,1024,359885 
quic,2048,1024,289503 
quic,2048,1024,261421 
quic,2048,1024,257661 
quic,2048,1024,260005 
quic,2048,1024,262854 
quic,2048,1024,269661 
quic,2048,1024,273817 
quic,2048,1024,281224 
tcp,2048,64,358855 
tcp,2048,64,143697 
tcp,2048,64,43975 
tcp,2048,64,57589 
tcp,2048,64,77219 
tcp,2048,64,75563 
tcp,2048,64,73440 
tcp,2048,64,75043 
tcp,2048,64,72914 
tcp,2048,64,72514 
tcp,2048,64,72861 
tcp,2048,64,83149 
tcp,2048,64,74047 
tcp,2048,64,74173 
tcp,2048,64,73211 
tcp,2048,64,74295 
tcp,2048,64,74250 
tcp,2048,64,76440 
tcp,2048,64,72988 
tcp,2048,64,78041 
tcp,2048,64,81020 
tcp,2048,64,72348 
tcp,2048,64,100330 
tcp,2048,64,100035 
tcp,2048,64,72733 
tcp,2048,64,79256 
tcp,2048,64,78560 
tcp,2048,64,78523 
tcp,2048,64,78455 
tcp,2048,64,75496 
tcp,2048,64,70328 
tcp,2048,64,92057 
tcp,2048,64,76022 
tcp,2048,64,83231 
tcp,2048,64,82394 
tcp,2048,64,80950 
tcp,2048,64,81965 
tcp,2048,64,80850 
tcp,2048,64,83003 
tcp,2048,64,70435 
tcp,2048,64,71631 
tcp,2048,64,73932 
tcp,2048,64,88319 
tcp,2048,64,73871 
tcp,2048,64,74242 
tcp,2048,64,75579 
tcp,2048,64,87182 
tcp,2048,64,78903 
tcp,2048,64,82829 
tcp,2048,64,84363 
tcp,2048,64,89346 
tcp,2048,64,87222 
tcp,2048,64,91862 
tcp,2048,64,86642 
tcp,2048,64,73516 
tcp,2048,64,73359 
tcp,2048,64,74448 
tcp,2048,64,74551 
tcp,2048,64,74430 
tcp,2048,64,72381 
tcp,2048,64,73918 
tcp,2048,64,74604 
tcp,2048,64,72946 
tcp,2048,64,74610 
tcp,2048,64,77168 
tcp,2048,64,71305 
tcp,2048,64,72747 
tcp,2048,64,71726 
tcp,2048,64,76271 
tcp,2048,64,71416 
tcp,2048,64,71152 
tcp,2048,64,70308 
tcp,2048,64,71897 
tcp,2048,64,84007 
tcp,2048,64,72553 
tcp,2048,64,69905 
tcp,2048,64,73395 
tcp,2048,64,71524 
tcp,2048,64,68828 
tcp,2048,64,76533 
tcp,2048,64,75129 
tcp,2048,64,82154 
tcp,2048,64,83283 
tcp,2048,64,74124 
tcp,2048,64,70924 
tcp,2048,64,108441 
tcp,2048,64,69665 
tcp,2048,64,87807 
tcp,2048,64,85529 
tcp,2048,64,83252 
tcp,2048,64,80994 
tcp,2048,64,82438 
tcp,2048,64,88721 
tcp,2048,64,71903 
tcp,2048,64,69182 
tcp,2048,64,80958 
tcp,2048,64,72482 
tcp,2048,64,85055 
tcp,2048,64,87358 
tcp,2048,64,79872 
tcp,2048,128,86652 
tcp,2048,128,90334 
tcp,2048,128,97099 
tcp,2048,128,97462 
tcp,2048,128,89956 
tcp,2048,128,77726 
tcp,2048,128,91607 
tcp,2048,128,76967 
tcp,2048,128,83689 
tcp,2048,128,74622 
tcp,2048,128,72200 
tcp,2048,128,73832 
tcp,2048,128,86866 
tcp,2048,128,78990 
tcp,2048,128,77839 
tcp,2048,128,77576 
tcp,2048,128,95954 
tcp,2048,128,85445 
tcp,2048,128,83873 
tcp,2048,128,76041 
tcp,2048,128,90105 
tcp,2048,128,76610 
tcp,2048,128,82736 
tcp,2048,128,74717 
tcp,2048,128,75075 
tcp,2048,128,74464 
tcp,2048,128,73275 
tcp,2048,128,93154 
tcp,2048,128,93000 
tcp,2048,128,90663 
tcp,2048,128,95249 
tcp,2048,128,96449 
tcp,2048,128,87495 
tcp,2048,128,75261 
tcp,2048,128,74178 
tcp,2048,128,83021 
tcp,2048,128,75938 
tcp,2048,128,75884 
tcp,2048,128,75673 
tcp,2048,128,78173 
tcp,2048,128,77211 
tcp,2048,128,71561 
tcp,2048,128,73924 
tcp,2048,128,77032 
tcp,2048,128,76198 
tcp,2048,128,73926 
tcp,2048,128,74520 
tcp,2048,128,72618 
tcp,2048,128,76972 
tcp,2048,128,73470 
tcp,2048,128,83988 
tcp,2048,128,73003 
tcp,2048,128,87751 
tcp,2048,128,76446 
tcp,2048,128,72463 
tcp,2048,128,73449 
tcp,2048,128,77656 
tcp,2048,128,72832 
tcp,2048,128,76147 
tcp,2048,128,79168 
tcp,2048,128,76354 
tcp,2048,128,78217 
tcp,2048,128,76108 
tcp,2048,128,75514 
tcp,2048,128,73404 
tcp,2048,128,81202 
tcp,2048,128,77623 
tcp,2048,128,73162 
tcp,2048,128,80314 
tcp,2048,128,84955 
tcp,2048,128,80187 
tcp,2048,128,77032 
tcp,2048,128,79177 
tcp,2048,128,75284 
tcp,2048,128,77246 
tcp,2048,128,73184 
tcp,2048,128,77298 
tcp,2048,128,76860 
tcp,2048,128,75856 
tcp,2048,128,75394 
tcp,2048,128,88196 
tcp,2048,128,74951 
tcp,2048,128,79345 
tcp,2048,128,76199 
tcp,2048,128,76661 
tcp,2048,128,78321 
tcp,2048,128,74722 
tcp,2048,128,76367 
tcp,2048,128,75991 
tcp,2048,128,75546 
tcp,2048,128,77063 
tcp,2048,128,82632 
tcp,2048,128,101898 
tcp,2048,128,78426 
tcp,2048,128,75405 
tcp,2048,128,87399 
tcp,2048,128,74022 
tcp,2048,128,74840 
tcp,2048,128,74618 
tcp,2048,128,79504 
tcp,2048,192,168935 
tcp,2048,192,157500 
tcp,2048,192,156172 
tcp,2048,192,157589 
tcp,2048,192,199907 
tcp,2048,192,212151 
tcp,2048,192,183178 
tcp,2048,192,164766 
tcp,2048,192,153834 
tcp,2048,192,164019 
tcp,2048,192,166127 
tcp,2048,192,154658 
tcp,2048,192,171630 
tcp,2048,192,155689 
tcp,2048,192,152946 
tcp,2048,192,165048 
tcp,2048,192,167732 
tcp,2048,192,168080 
tcp,2048,192,154607 
tcp,2048,192,151205 
tcp,2048,192,152890 
tcp,2048,192,151747 
tcp,2048,192,150615 
tcp,2048,192,153413 
tcp,2048,192,157017 
tcp,2048,192,151020 
tcp,2048,192,154632 
tcp,2048,192,175820 
tcp,2048,192,178782 
tcp,2048,192,150741 
tcp,2048,192,152861 
tcp,2048,192,154467 
tcp,2048,192,149581 
tcp,2048,192,153359 
tcp,2048,192,151293 
tcp,2048,192,145014 
tcp,2048,192,155790 
tcp,2048,192,151512 
tcp,2048,192,161889 
tcp,2048,192,150747 
tcp,2048,192,150145 
tcp,2048,192,152418 
tcp,2048,192,155574 
tcp,2048,192,156849 
tcp,2048,192,153599 
tcp,2048,192,155469 
tcp,2048,192,150538 
tcp,2048,192,154064 
tcp,2048,192,152730 
tcp,2048,192,153110 
tcp,2048,192,175635 
tcp,2048,192,155225 
tcp,2048,192,154538 
tcp,2048,192,184895 
tcp,2048,192,156748 
tcp,2048,192,152844 
tcp,2048,192,151110 
tcp,2048,192,154169 
tcp,2048,192,153181 
tcp,2048,192,153048 
tcp,2048,192,154786 
tcp,2048,192,153991 
tcp,2048,192,153463 
tcp,2048,192,153334 
tcp,2048,192,157616 
tcp,2048,192,152246 
tcp,2048,192,160795 
tcp,2048,192,155082 
tcp,2048,192,147745 
tcp,2048,192,153668 
tcp,2048,192,153081 
tcp,2048,192,169377 
tcp,2048,192,150491 
tcp,2048,192,157069 
tcp,2048,192,150340 
tcp,2048,192,153559 
tcp,2048,192,150670 
tcp,2048,192,158241 
tcp,2048,192,169435 
tcp,2048,192,153672 
tcp,2048,192,152880 
tcp,2048,192,156072 
tcp,2048,192,155691 
tcp,2048,192,166991 
tcp,2048,192,151952 
tcp,2048,192,181554 
tcp,2048,192,155237 
tcp,2048,192,153906 
tcp,2048,192,150738 
tcp,2048,192,154438 
tcp,2048,192,160695 
tcp,2048,192,155468 
tcp,2048,192,154766 
tcp,2048,192,162536 
tcp,2048,192,162691 
tcp,2048,192,169054 
tcp,2048,192,155022 
tcp,2048,192,151382 
tcp,2048,192,153039 
tcp,2048,192,152757 
tcp,2048,256,158241 
tcp,2048,256,185995 
tcp,2048,256,179608 
tcp,2048,256,186559 
tcp,2048,256,183704 
tcp,2048,256,179719 
tcp,2048,256,171324 
tcp,2048,256,178423 
tcp,2048,256,180599 
tcp,2048,256,178939 
tcp,2048,256,173269 
tcp,2048,256,171304 
tcp,2048,256,191462 
tcp,2048,256,170660 
tcp,2048,256,160953 
tcp,2048,256,177392 
tcp,2048,256,187082 
tcp,2048,256,186538 
tcp,2048,256,166017 
tcp,2048,256,184302 
tcp,2048,256,179164 
tcp,2048,256,185647 
tcp,2048,256,177967 
tcp,2048,256,203178 
tcp,2048,256,180223 
tcp,2048,256,169504 
tcp,2048,256,180487 
tcp,2048,256,187886 
tcp,2048,256,182781 
tcp,2048,256,160836 
tcp,2048,256,160404 
tcp,2048,256,185603 
tcp,2048,256,174486 
tcp,2048,256,165601 
tcp,2048,256,186253 
tcp,2048,256,176053 
tcp,2048,256,171533 
tcp,2048,256,190436 
tcp,2048,256,168348 
tcp,2048,256,181998 
tcp,2048,256,174549 
tcp,2048,256,166465 
tcp,2048,256,186100 
tcp,2048,256,177431 
tcp,2048,256,178350 
tcp,2048,256,184111 
tcp,2048,256,181289 
tcp,2048,256,178542 
tcp,2048,256,171686 
tcp,2048,256,187971 
tcp,2048,256,178105 
tcp,2048,256,172537 
tcp,2048,256,176407 
tcp,2048,256,164327 
tcp,2048,256,172881 
tcp,2048,256,162940 
tcp,2048,256,190704 
tcp,2048,256,191044 
tcp,2048,256,182959 
tcp,2048,256,174570 
tcp,2048,256,191300 
tcp,2048,256,179621 
tcp,2048,256,182223 
tcp,2048,256,177978 
tcp,2048,256,187362 
tcp,2048,256,176073 
tcp,2048,256,160684 
tcp,2048,256,170334 
tcp,2048,256,185697 
tcp,2048,256,180690 
tcp,2048,256,188985 
tcp,2048,256,175041 
tcp,2048,256,184344 
tcp,2048,256,172108 
tcp,2048,256,185113 
tcp,2048,256,199413 
tcp,2048,256,166455 
tcp,2048,256,187124 
tcp,2048,256,170137 
tcp,2048,256,185015 
tcp,2048,256,176110 
tcp,2048,256,260707 
tcp,2048,256,194446 
tcp,2048,256,162251 
tcp,2048,256,170060 
tcp,2048,256,155042 
tcp,2048,256,157134 
tcp,2048,256,176222 
tcp,2048,256,174700 
tcp,2048,256,174222 
tcp,2048,256,170610 
tcp,2048,256,175909 
tcp,2048,256,177029 
tcp,2048,256,170164 
tcp,2048,256,169655 
tcp,2048,256,187364 
tcp,2048,256,183679 
tcp,2048,256,175137 
tcp,2048,256,165196 
tcp,2048,256,177385 
tcp,2048,320,291041 
tcp,2048,320,262586 
tcp,2048,320,271279 
tcp,2048,320,269261 
tcp,2048,320,280033 
tcp,2048,320,292775 
tcp,2048,320,265194 
tcp,2048,320,278960 
tcp,2048,320,255078 
tcp,2048,320,262467 
tcp,2048,320,274282 
tcp,2048,320,290331 
tcp,2048,320,266728 
tcp,2048,320,298636 
tcp,2048,320,293066 
tcp,2048,320,272462 
tcp,2048,320,252823 
tcp,2048,320,252600 
tcp,2048,320,250168 
tcp,2048,320,280616 
tcp,2048,320,268226 
tcp,2048,320,262611 
tcp,2048,320,259166 
tcp,2048,320,279604 
tcp,2048,320,284666 
tcp,2048,320,276580 
tcp,2048,320,275049 
tcp,2048,320,276366 
tcp,2048,320,258690 
tcp,2048,320,264631 
tcp,2048,320,289178 
tcp,2048,320,255432 
tcp,2048,320,253965 
tcp,2048,320,278238 
tcp,2048,320,301816 
tcp,2048,320,264627 
tcp,2048,320,260282 
tcp,2048,320,288273 
tcp,2048,320,273226 
tcp,2048,320,282526 
tcp,2048,320,263870 
tcp,2048,320,265719 
tcp,2048,320,299507 
tcp,2048,320,272250 
tcp,2048,320,260978 
tcp,2048,320,250706 
tcp,2048,320,287216 
tcp,2048,320,273468 
tcp,2048,320,261215 
tcp,2048,320,260881 
tcp,2048,320,269897 
tcp,2048,320,280819 
tcp,2048,320,266002 
tcp,2048,320,261819 
tcp,2048,320,277764 
tcp,2048,320,294491 
tcp,2048,320,263764 
tcp,2048,320,276849 
tcp,2048,320,276049 
tcp,2048,320,279469 
tcp,2048,320,267440 
tcp,2048,320,272441 
tcp,2048,320,279552 
tcp,2048,320,277697 
tcp,2048,320,270447 
tcp,2048,320,294390 
tcp,2048,320,270519 
tcp,2048,320,279555 
tcp,2048,320,258358 
tcp,2048,320,271426 
tcp,2048,320,272392 
tcp,2048,320,285741 
tcp,2048,320,292099 
tcp,2048,320,271976 
tcp,2048,320,265392 
tcp,2048,320,249148 
tcp,2048,320,262052 
tcp,2048,320,272742 
tcp,2048,320,259306 
tcp,2048,320,263472 
tcp,2048,320,277493 
tcp,2048,320,272975 
tcp,2048,320,275119 
tcp,2048,320,294470 
tcp,2048,320,257174 
tcp,2048,320,264195 
tcp,2048,320,285251 
tcp,2048,320,251864 
tcp,2048,320,288740 
tcp,2048,320,274293 
tcp,2048,320,290977 
tcp,2048,320,280072 
tcp,2048,320,265857 
tcp,2048,320,295510 
tcp,2048,320,277487 
tcp,2048,320,264430 
tcp,2048,320,277841 
tcp,2048,320,278737 
tcp,2048,320,270427 
tcp,2048,320,281817 
tcp,2048,384,279387 
tcp,2048,384,274141 
tcp,2048,384,280880 
tcp,2048,384,297634 
tcp,2048,384,256332 
tcp,2048,384,280214 
tcp,2048,384,283273 
tcp,2048,384,273204 
tcp,2048,384,278485 
tcp,2048,384,265190 
tcp,2048,384,263026 
tcp,2048,384,274330 
tcp,2048,384,276004 
tcp,2048,384,283160 
tcp,2048,384,281452 
tcp,2048,384,270259 
tcp,2048,384,275483 
tcp,2048,384,282595 
tcp,2048,384,294595 
tcp,2048,384,297526 
tcp,2048,384,271901 
tcp,2048,384,260228 
tcp,2048,384,281327 
tcp,2048,384,275592 
tcp,2048,384,267195 
tcp,2048,384,283853 
tcp,2048,384,279012 
tcp,2048,384,287054 
tcp,2048,384,283569 
tcp,2048,384,287896 
tcp,2048,384,274289 
tcp,2048,384,279326 
tcp,2048,384,274193 
tcp,2048,384,280199 
tcp,2048,384,271426 
tcp,2048,384,269656 
tcp,2048,384,274577 
tcp,2048,384,273679 
tcp,2048,384,271146 
tcp,2048,384,284284 
tcp,2048,384,261948 
tcp,2048,384,285633 
tcp,2048,384,276199 
tcp,2048,384,286560 
tcp,2048,384,271615 
tcp,2048,384,275122 
tcp,2048,384,293827 
tcp,2048,384,289727 
tcp,2048,384,275792 
tcp,2048,384,271610 
tcp,2048,384,271668 
tcp,2048,384,274036 
tcp,2048,384,299980 
tcp,2048,384,275037 
tcp,2048,384,277691 
tcp,2048,384,266086 
tcp,2048,384,276336 
tcp,2048,384,294319 
tcp,2048,384,279557 
tcp,2048,384,270804 
tcp,2048,384,287586 
tcp,2048,384,302040 
tcp,2048,384,267997 
tcp,2048,384,272736 
tcp,2048,384,285619 
tcp,2048,384,274566 
tcp,2048,384,279497 
tcp,2048,384,277392 
tcp,2048,384,279517 
tcp,2048,384,274468 
tcp,2048,384,277521 
tcp,2048,384,259917 
tcp,2048,384,256819 
tcp,2048,384,258401 
tcp,2048,384,261106 
tcp,2048,384,253559 
tcp,2048,384,254017 
tcp,2048,384,253446 
tcp,2048,384,257631 
tcp,2048,384,262523 
tcp,2048,384,261593 
tcp,2048,384,269556 
tcp,2048,384,276409 
tcp,2048,384,277248 
tcp,2048,384,272797 
tcp,2048,384,273104 
tcp,2048,384,292620 
tcp,2048,384,276492 
tcp,2048,384,286923 
tcp,2048,384,256532 
tcp,2048,384,307057 
tcp,2048,384,269634 
tcp,2048,384,274777 
tcp,2048,384,255062 
tcp,2048,384,251399 
tcp,2048,384,256902 
tcp,2048,384,254045 
tcp,2048,384,277038 
tcp,2048,384,287109 
tcp,2048,384,277760 
tcp,2048,448,287487 
tcp,2048,448,295039 
tcp,2048,448,282961 
tcp,2048,448,269150 
tcp,2048,448,280974 
tcp,2048,448,284833 
tcp,2048,448,270050 
tcp,2048,448,273390 
tcp,2048,448,287525 
tcp,2048,448,286936 
tcp,2048,448,285124 
tcp,2048,448,269654 
tcp,2048,448,259248 
tcp,2048,448,252479 
tcp,2048,448,302764 
tcp,2048,448,257846 
tcp,2048,448,283402 
tcp,2048,448,282005 
tcp,2048,448,289886 
tcp,2048,448,282814 
tcp,2048,448,284326 
tcp,2048,448,299949 
tcp,2048,448,300865 
tcp,2048,448,257793 
tcp,2048,448,285264 
tcp,2048,448,255246 
tcp,2048,448,261448 
tcp,2048,448,287660 
tcp,2048,448,285586 
tcp,2048,448,279934 
tcp,2048,448,286310 
tcp,2048,448,296991 
tcp,2048,448,300936 
tcp,2048,448,278419 
tcp,2048,448,291108 
tcp,2048,448,302790 
tcp,2048,448,283075 
tcp,2048,448,258441 
tcp,2048,448,297323 
tcp,2048,448,284312 
tcp,2048,448,267426 
tcp,2048,448,289496 
tcp,2048,448,279676 
tcp,2048,448,275211 
tcp,2048,448,303716 
tcp,2048,448,281886 
tcp,2048,448,284858 
tcp,2048,448,280229 
tcp,2048,448,289429 
tcp,2048,448,281193 
tcp,2048,448,270384 
tcp,2048,448,284587 
tcp,2048,448,299159 
tcp,2048,448,291629 
tcp,2048,448,284490 
tcp,2048,448,280161 
tcp,2048,448,296499 
tcp,2048,448,263267 
tcp,2048,448,295772 
tcp,2048,448,285863 
tcp,2048,448,295855 
tcp,2048,448,277430 
tcp,2048,448,302897 
tcp,2048,448,275638 
tcp,2048,448,280373 
tcp,2048,448,288854 
tcp,2048,448,287884 
tcp,2048,448,279222 
tcp,2048,448,286944 
tcp,2048,448,281999 
tcp,2048,448,284753 
tcp,2048,448,288625 
tcp,2048,448,293409 
tcp,2048,448,257734 
tcp,2048,448,281303 
tcp,2048,448,289005 
tcp,2048,448,298974 
tcp,2048,448,271458 
tcp,2048,448,286932 
tcp,2048,448,284038 
tcp,2048,448,292816 
tcp,2048,448,288235 
tcp,2048,448,272809 
tcp,2048,448,318622 
tcp,2048,448,367925 
tcp,2048,448,273583 
tcp,2048,448,276204 
tcp,2048,448,255553 
tcp,2048,448,273678 
tcp,2048,448,293990 
tcp,2048,448,271977 
tcp,2048,448,280306 
tcp,2048,448,304080 
tcp,2048,448,294469 
tcp,2048,448,284675 
tcp,2048,448,287533 
tcp,2048,448,266253 
tcp,2048,448,291243 
tcp,2048,448,285842 
tcp,2048,448,283833 
tcp,2048,512,289644 
tcp,2048,512,295299 
tcp,2048,512,291785 
tcp,2048,512,327679 
tcp,2048,512,286438 
tcp,2048,512,284627 
tcp,2048,512,306319 
tcp,2048,512,316136 
tcp,2048,512,315218 
tcp,2048,512,321171 
tcp,2048,512,316596 
tcp,2048,512,308431 
tcp,2048,512,330906 
tcp,2048,512,303765 
tcp,2048,512,316647 
tcp,2048,512,329579 
tcp,2048,512,285131 
tcp,2048,512,298890 
tcp,2048,512,299545 
tcp,2048,512,312722 
tcp,2048,512,299954 
tcp,2048,512,285548 
tcp,2048,512,295862 
tcp,2048,512,330047 
tcp,2048,512,303574 
tcp,2048,512,320001 
tcp,2048,512,296721 
tcp,2048,512,313670 
tcp,2048,512,318862 
tcp,2048,512,299909 
tcp,2048,512,311528 
tcp,2048,512,308386 
tcp,2048,512,308679 
tcp,2048,512,291159 
tcp,2048,512,302828 
tcp,2048,512,307094 
tcp,2048,512,324812 
tcp,2048,512,315318 
tcp,2048,512,299114 
tcp,2048,512,312370 
tcp,2048,512,309016 
tcp,2048,512,319444 
tcp,2048,512,299080 
tcp,2048,512,290049 
tcp,2048,512,288982 
tcp,2048,512,315493 
tcp,2048,512,295246 
tcp,2048,512,323845 
tcp,2048,512,293061 
tcp,2048,512,296391 
tcp,2048,512,350156 
tcp,2048,512,304528 
tcp,2048,512,314180 
tcp,2048,512,283833 
tcp,2048,512,302991 
tcp,2048,512,306242 
tcp,2048,512,288914 
tcp,2048,512,310614 
tcp,2048,512,289460 
tcp,2048,512,306777 
tcp,2048,512,301813 
tcp,2048,512,322362 
tcp,2048,512,316306 
tcp,2048,512,289057 
tcp,2048,512,287081 
tcp,2048,512,291952 
tcp,2048,512,293825 
tcp,2048,512,298120 
tcp,2048,512,324086 
tcp,2048,512,308754 
tcp,2048,512,267386 
tcp,2048,512,261555 
tcp,2048,512,262997 
tcp,2048,512,293339 
tcp,2048,512,298637 
tcp,2048,512,291927 
tcp,2048,512,267988 
tcp,2048,512,290045 
tcp,2048,512,288849 
tcp,2048,512,277684 
tcp,2048,512,271251 
tcp,2048,512,268620 
tcp,2048,512,255547 
tcp,2048,512,263081 
tcp,2048,512,256329 
tcp,2048,512,277032 
tcp,2048,512,269146 
tcp,2048,512,263046 
tcp,2048,512,265693 
tcp,2048,512,261931 
tcp,2048,512,257824 
tcp,2048,512,254740 
tcp,2048,512,257742 
tcp,2048,512,261610 
tcp,2048,512,264875 
tcp,2048,512,258274 
tcp,2048,512,258839 
tcp,2048,512,256253 
tcp,2048,512,263743 
tcp,2048,512,264622 
tcp,2048,576,354226 
tcp,2048,576,387467 
tcp,2048,576,361220 
tcp,2048,576,357922 
tcp,2048,576,365268 
tcp,2048,576,365772 
tcp,2048,576,358732 
tcp,2048,576,356998 
tcp,2048,576,366434 
tcp,2048,576,364805 
tcp,2048,576,356170 
tcp,2048,576,358389 
tcp,2048,576,361544 
tcp,2048,576,368171 
tcp,2048,576,384668 
tcp,2048,576,359606 
tcp,2048,576,422801 
tcp,2048,576,382267 
tcp,2048,576,375926 
tcp,2048,576,366297 
tcp,2048,576,369507 
tcp,2048,576,372273 
tcp,2048,576,370475 
tcp,2048,576,351575 
tcp,2048,576,353556 
tcp,2048,576,370374 
tcp,2048,576,357112 
tcp,2048,576,350975 
tcp,2048,576,363992 
tcp,2048,576,362466 
tcp,2048,576,378977 
tcp,2048,576,390578 
tcp,2048,576,354693 
tcp,2048,576,357786 
tcp,2048,576,357574 
tcp,2048,576,350933 
tcp,2048,576,354184 
tcp,2048,576,361555 
tcp,2048,576,363521 
tcp,2048,576,364154 
tcp,2048,576,368849 
tcp,2048,576,369069 
tcp,2048,576,358881 
tcp,2048,576,359352 
tcp,2048,576,369410 
tcp,2048,576,369586 
tcp,2048,576,367262 
tcp,2048,576,394521 
tcp,2048,576,378433 
tcp,2048,576,384293 
tcp,2048,576,386378 
tcp,2048,576,370300 
tcp,2048,576,377584 
tcp,2048,576,372874 
tcp,2048,576,363172 
tcp,2048,576,360269 
tcp,2048,576,362294 
tcp,2048,576,360922 
tcp,2048,576,374339 
tcp,2048,576,355722 
tcp,2048,576,358522 
tcp,2048,576,364648 
tcp,2048,576,357753 
tcp,2048,576,388351 
tcp,2048,576,368142 
tcp,2048,576,375106 
tcp,2048,576,373314 
tcp,2048,576,378614 
tcp,2048,576,362446 
tcp,2048,576,366072 
tcp,2048,576,365299 
tcp,2048,576,369468 
tcp,2048,576,371313 
tcp,2048,576,367301 
tcp,2048,576,359251 
tcp,2048,576,362091 
tcp,2048,576,365944 
tcp,2048,576,372974 
tcp,2048,576,374404 
tcp,2048,576,364810 
tcp,2048,576,369382 
tcp,2048,576,364844 
tcp,2048,576,366160 
tcp,2048,576,370685 
tcp,2048,576,362613 
tcp,2048,576,367007 
tcp,2048,576,362419 
tcp,2048,576,362069 
tcp,2048,576,362447 
tcp,2048,576,361672 
tcp,2048,576,360335 
tcp,2048,576,363785 
tcp,2048,576,362394 
tcp,2048,576,359879 
tcp,2048,576,358990 
tcp,2048,576,365801 
tcp,2048,576,354785 
tcp,2048,576,365207 
tcp,2048,576,358776 
tcp,2048,576,356893 
tcp,2048,640,375110 
tcp,2048,640,364398 
tcp,2048,640,354394 
tcp,2048,640,355132 
tcp,2048,640,357462 
tcp,2048,640,361650 
tcp,2048,640,359612 
tcp,2048,640,360273 
tcp,2048,640,364674 
tcp,2048,640,378986 
tcp,2048,640,367186 
tcp,2048,640,360165 
tcp,2048,640,357375 
tcp,2048,640,368232 
tcp,2048,640,361399 
tcp,2048,640,362366 
tcp,2048,640,360929 
tcp,2048,640,358002 
tcp,2048,640,367303 
tcp,2048,640,360946 
tcp,2048,640,362887 
tcp,2048,640,355328 
tcp,2048,640,371643 
tcp,2048,640,360636 
tcp,2048,640,356134 
tcp,2048,640,359177 
tcp,2048,640,359920 
tcp,2048,640,366149 
tcp,2048,640,359497 
tcp,2048,640,356470 
tcp,2048,640,359744 
tcp,2048,640,354841 
tcp,2048,640,366924 
tcp,2048,640,363905 
tcp,2048,640,358499 
tcp,2048,640,362939 
tcp,2048,640,367102 
tcp,2048,640,362134 
tcp,2048,640,364847 
tcp,2048,640,360990 
tcp,2048,640,366593 
tcp,2048,640,353481 
tcp,2048,640,359296 
tcp,2048,640,359125 
tcp,2048,640,357990 
tcp,2048,640,359748 
tcp,2048,640,356442 
tcp,2048,640,362465 
tcp,2048,640,364823 
tcp,2048,640,362741 
tcp,2048,640,360326 
tcp,2048,640,365073 
tcp,2048,640,358690 
tcp,2048,640,358601 
tcp,2048,640,368001 
tcp,2048,640,361601 
tcp,2048,640,356719 
tcp,2048,640,366876 
tcp,2048,640,366285 
tcp,2048,640,361225 
tcp,2048,640,366678 
tcp,2048,640,359330 
tcp,2048,640,359374 
tcp,2048,640,367348 
tcp,2048,640,360261 
tcp,2048,640,360498 
tcp,2048,640,351696 
tcp,2048,640,355678 
tcp,2048,640,364267 
tcp,2048,640,363616 
tcp,2048,640,361068 
tcp,2048,640,365800 
tcp,2048,640,359596 
tcp,2048,640,361298 
tcp,2048,640,365943 
tcp,2048,640,355240 
tcp,2048,640,378007 
tcp,2048,640,358599 
tcp,2048,640,358382 
tcp,2048,640,366841 
tcp,2048,640,357402 
tcp,2048,640,357765 
tcp,2048,640,369087 
tcp,2048,640,360874 
tcp,2048,640,362793 
tcp,2048,640,359795 
tcp,2048,640,363681 
tcp,2048,640,359531 
tcp,2048,640,355555 
tcp,2048,640,355320 
tcp,2048,640,360763 
tcp,2048,640,357695 
tcp,2048,640,356249 
tcp,2048,640,361993 
tcp,2048,640,358553 
tcp,2048,640,355189 
tcp,2048,640,361645 
tcp,2048,640,365846 
tcp,2048,640,371737 
tcp,2048,640,370248 
tcp,2048,704,363504 
tcp,2048,704,375294 
tcp,2048,704,379728 
tcp,2048,704,371212 
tcp,2048,704,366440 
tcp,2048,704,355809 
tcp,2048,704,363977 
tcp,2048,704,359172 
tcp,2048,704,362346 
tcp,2048,704,373634 
tcp,2048,704,391007 
tcp,2048,704,387479 
tcp,2048,704,402566 
tcp,2048,704,419680 
tcp,2048,704,446746 
tcp,2048,704,416053 
tcp,2048,704,390428 
tcp,2048,704,383382 
tcp,2048,704,381591 
tcp,2048,704,406874 
tcp,2048,704,438393 
tcp,2048,704,407690 
tcp,2048,704,376869 
tcp,2048,704,375157 
tcp,2048,704,378225 
tcp,2048,704,380391 
tcp,2048,704,382262 
tcp,2048,704,363520 
tcp,2048,704,374123 
tcp,2048,704,390326 
tcp,2048,704,364078 
tcp,2048,704,405973 
tcp,2048,704,396604 
tcp,2048,704,407518 
tcp,2048,704,387674 
tcp,2048,704,368948 
tcp,2048,704,363551 
tcp,2048,704,367203 
tcp,2048,704,433318 
tcp,2048,704,481158 
tcp,2048,704,389456 
tcp,2048,704,376771 
tcp,2048,704,373237 
tcp,2048,704,383395 
tcp,2048,704,366088 
tcp,2048,704,370905 
tcp,2048,704,382351 
tcp,2048,704,376558 
tcp,2048,704,371823 
tcp,2048,704,375253 
tcp,2048,704,386269 
tcp,2048,704,363920 
tcp,2048,704,367290 
tcp,2048,704,372171 
tcp,2048,704,372413 
tcp,2048,704,387315 
tcp,2048,704,379669 
tcp,2048,704,392737 
tcp,2048,704,371071 
tcp,2048,704,409721 
tcp,2048,704,410176 
tcp,2048,704,411813 
tcp,2048,704,377864 
tcp,2048,704,378069 
tcp,2048,704,374388 
tcp,2048,704,409957 
tcp,2048,704,408626 
tcp,2048,704,395838 
tcp,2048,704,365220 
tcp,2048,704,372319 
tcp,2048,704,368387 
tcp,2048,704,377963 
tcp,2048,704,365771 
tcp,2048,704,357697 
tcp,2048,704,373446 
tcp,2048,704,373690 
tcp,2048,704,369642 
tcp,2048,704,369720 
tcp,2048,704,380261 
tcp,2048,704,365322 
tcp,2048,704,395714 
tcp,2048,704,386583 
tcp,2048,704,385902 
tcp,2048,704,430303 
tcp,2048,704,386684 
tcp,2048,704,387029 
tcp,2048,704,410639 
tcp,2048,704,418842 
tcp,2048,704,357650 
tcp,2048,704,362819 
tcp,2048,704,359836 
tcp,2048,704,383130 
tcp,2048,704,380928 
tcp,2048,704,404744 
tcp,2048,704,400032 
tcp,2048,704,391890 
tcp,2048,704,412089 
tcp,2048,704,410257 
tcp,2048,704,402581 
tcp,2048,704,396293 
tcp,2048,768,396107 
tcp,2048,768,379733 
tcp,2048,768,364238 
tcp,2048,768,403264 
tcp,2048,768,402814 
tcp,2048,768,407923 
tcp,2048,768,388785 
tcp,2048,768,403228 
tcp,2048,768,415367 
tcp,2048,768,391106 
tcp,2048,768,419207 
tcp,2048,768,398669 
tcp,2048,768,374070 
tcp,2048,768,416563 
tcp,2048,768,392724 
tcp,2048,768,402138 
tcp,2048,768,384977 
tcp,2048,768,384300 
tcp,2048,768,394787 
tcp,2048,768,401821 
tcp,2048,768,390688 
tcp,2048,768,394203 
tcp,2048,768,376578 
tcp,2048,768,423578 
tcp,2048,768,396559 
tcp,2048,768,410571 
tcp,2048,768,416036 
tcp,2048,768,398536 
tcp,2048,768,378130 
tcp,2048,768,376151 
tcp,2048,768,368343 
tcp,2048,768,370056 
tcp,2048,768,378448 
tcp,2048,768,377150 
tcp,2048,768,386799 
tcp,2048,768,407250 
tcp,2048,768,417403 
tcp,2048,768,385237 
tcp,2048,768,395244 
tcp,2048,768,384534 
tcp,2048,768,400775 
tcp,2048,768,409501 
tcp,2048,768,407617 
tcp,2048,768,401623 
tcp,2048,768,404864 
tcp,2048,768,396543 
tcp,2048,768,415730 
tcp,2048,768,389965 
tcp,2048,768,392685 
tcp,2048,768,399739 
tcp,2048,768,363163 
tcp,2048,768,370419 
tcp,2048,768,380074 
tcp,2048,768,373835 
tcp,2048,768,381888 
tcp,2048,768,404506 
tcp,2048,768,393992 
tcp,2048,768,389684 
tcp,2048,768,435335 
tcp,2048,768,386666 
tcp,2048,768,405616 
tcp,2048,768,401753 
tcp,2048,768,378487 
tcp,2048,768,392843 
tcp,2048,768,393295 
tcp,2048,768,405311 
tcp,2048,768,372529 
tcp,2048,768,385348 
tcp,2048,768,403786 
tcp,2048,768,390469 
tcp,2048,768,391932 
tcp,2048,768,371278 
tcp,2048,768,402430 
tcp,2048,768,385806 
tcp,2048,768,400829 
tcp,2048,768,390500 
tcp,2048,768,407423 
tcp,2048,768,395189 
tcp,2048,768,406445 
tcp,2048,768,396450 
tcp,2048,768,394275 
tcp,2048,768,413957 
tcp,2048,768,405359 
tcp,2048,768,422452 
tcp,2048,768,395474 
tcp,2048,768,404018 
tcp,2048,768,385772 
tcp,2048,768,379285 
tcp,2048,768,395021 
tcp,2048,768,402171 
tcp,2048,768,408262 
tcp,2048,768,378168 
tcp,2048,768,408933 
tcp,2048,768,405768 
tcp,2048,768,411246 
tcp,2048,768,391273 
tcp,2048,768,391555 
tcp,2048,768,400972 
tcp,2048,768,385066 
tcp,2048,768,393454 
tcp,2048,832,406164 
tcp,2048,832,390857 
tcp,2048,832,386697 
tcp,2048,832,397234 
tcp,2048,832,396531 
tcp,2048,832,384307 
tcp,2048,832,410550 
tcp,2048,832,389549 
tcp,2048,832,411415 
tcp,2048,832,400789 
tcp,2048,832,437606 
tcp,2048,832,399496 
tcp,2048,832,404856 
tcp,2048,832,397610 
tcp,2048,832,402990 
tcp,2048,832,458600 
tcp,2048,832,410942 
tcp,2048,832,397737 
tcp,2048,832,396216 
tcp,2048,832,397626 
tcp,2048,832,402982 
tcp,2048,832,411797 
tcp,2048,832,389147 
tcp,2048,832,378206 
tcp,2048,832,391223 
tcp,2048,832,369005 
tcp,2048,832,370858 
tcp,2048,832,377034 
tcp,2048,832,367268 
tcp,2048,832,388090 
tcp,2048,832,394311 
tcp,2048,832,364851 
tcp,2048,832,356847 
tcp,2048,832,363795 
tcp,2048,832,386480 
tcp,2048,832,401173 
tcp,2048,832,395508 
tcp,2048,832,371609 
tcp,2048,832,370815 
tcp,2048,832,387448 
tcp,2048,832,370705 
tcp,2048,832,378086 
tcp,2048,832,373415 
tcp,2048,832,368435 
tcp,2048,832,397304 
tcp,2048,832,374568 
tcp,2048,832,384984 
tcp,2048,832,373433 
tcp,2048,832,371639 
tcp,2048,832,367913 
tcp,2048,832,369417 
tcp,2048,832,366868 
tcp,2048,832,372260 
tcp,2048,832,362720 
tcp,2048,832,367063 
tcp,2048,832,366401 
tcp,2048,832,452968 
tcp,2048,832,423967 
tcp,2048,832,421497 
tcp,2048,832,487439 
tcp,2048,832,355867 
tcp,2048,832,362365 
tcp,2048,832,373239 
tcp,2048,832,359111 
tcp,2048,832,358317 
tcp,2048,832,387068 
tcp,2048,832,397443 
tcp,2048,832,394296 
tcp,2048,832,406538 
tcp,2048,832,389099 
tcp,2048,832,390987 
tcp,2048,832,408393 
tcp,2048,832,392531 
tcp,2048,832,401979 
tcp,2048,832,402529 
tcp,2048,832,376602 
tcp,2048,832,398500 
tcp,2048,832,414037 
tcp,2048,832,402725 
tcp,2048,832,395350 
tcp,2048,832,393423 
tcp,2048,832,406753 
tcp,2048,832,394937 
tcp,2048,832,394730 
tcp,2048,832,407376 
tcp,2048,832,394473 
tcp,2048,832,411917 
tcp,2048,832,420494 
tcp,2048,832,401531 
tcp,2048,832,407066 
tcp,2048,832,400644 
tcp,2048,832,420751 
tcp,2048,832,402771 
tcp,2048,832,398710 
tcp,2048,832,388856 
tcp,2048,832,393054 
tcp,2048,832,390767 
tcp,2048,832,407148 
tcp,2048,832,414649 
tcp,2048,832,399363 
tcp,2048,896,395003 
tcp,2048,896,386694 
tcp,2048,896,381876 
tcp,2048,896,396190 
tcp,2048,896,397346 
tcp,2048,896,414446 
tcp,2048,896,374274 
tcp,2048,896,502390 
tcp,2048,896,460478 
tcp,2048,896,416686 
tcp,2048,896,396783 
tcp,2048,896,391009 
tcp,2048,896,398674 
tcp,2048,896,404133 
tcp,2048,896,391494 
tcp,2048,896,412378 
tcp,2048,896,403729 
tcp,2048,896,396330 
tcp,2048,896,411504 
tcp,2048,896,416460 
tcp,2048,896,386698 
tcp,2048,896,404992 
tcp,2048,896,374080 
tcp,2048,896,405402 
tcp,2048,896,398611 
tcp,2048,896,409747 
tcp,2048,896,398069 
tcp,2048,896,415536 
tcp,2048,896,393411 
tcp,2048,896,419748 
tcp,2048,896,394237 
tcp,2048,896,390972 
tcp,2048,896,385147 
tcp,2048,896,416603 
tcp,2048,896,424382 
tcp,2048,896,393719 
tcp,2048,896,389853 
tcp,2048,896,398110 
tcp,2048,896,417370 
tcp,2048,896,408001 
tcp,2048,896,400637 
tcp,2048,896,404890 
tcp,2048,896,414726 
tcp,2048,896,392934 
tcp,2048,896,373759 
tcp,2048,896,395853 
tcp,2048,896,395361 
tcp,2048,896,409505 
tcp,2048,896,395314 
tcp,2048,896,414475 
tcp,2048,896,415190 
tcp,2048,896,409916 
tcp,2048,896,395325 
tcp,2048,896,411180 
tcp,2048,896,406636 
tcp,2048,896,401634 
tcp,2048,896,367567 
tcp,2048,896,451032 
tcp,2048,896,440306 
tcp,2048,896,700269 
tcp,2048,896,652837 
tcp,2048,896,652620 
tcp,2048,896,691006 
tcp,2048,896,606392 
tcp,2048,896,690553 
tcp,2048,896,513932 
tcp,2048,896,387190 
tcp,2048,896,396998 
tcp,2048,896,394869 
tcp,2048,896,405583 
tcp,2048,896,422828 
tcp,2048,896,400152 
tcp,2048,896,381260 
tcp,2048,896,422252 
tcp,2048,896,406270 
tcp,2048,896,390686 
tcp,2048,896,388137 
tcp,2048,896,413532 
tcp,2048,896,406859 
tcp,2048,896,402055 
tcp,2048,896,368137 
tcp,2048,896,362049 
tcp,2048,896,362595 
tcp,2048,896,399201 
tcp,2048,896,404276 
tcp,2048,896,412549 
tcp,2048,896,408692 
tcp,2048,896,378776 
tcp,2048,896,369374 
tcp,2048,896,366146 
tcp,2048,896,376734 
tcp,2048,896,371026 
tcp,2048,896,369488 
tcp,2048,896,370537 
tcp,2048,896,378170 
tcp,2048,896,377318 
tcp,2048,896,368357 
tcp,2048,896,387057 
tcp,2048,896,390698 
tcp,2048,896,406420 
tcp,2048,960,394901 
tcp,2048,960,391572 
tcp,2048,960,377137 
tcp,2048,960,385271 
tcp,2048,960,393182 
tcp,2048,960,383285 
tcp,2048,960,395198 
tcp,2048,960,396659 
tcp,2048,960,406024 
tcp,2048,960,380024 
tcp,2048,960,380481 
tcp,2048,960,368007 
tcp,2048,960,371194 
tcp,2048,960,390258 
tcp,2048,960,368750 
tcp,2048,960,401349 
tcp,2048,960,392117 
tcp,2048,960,414361 
tcp,2048,960,415230 
tcp,2048,960,441623 
tcp,2048,960,399767 
tcp,2048,960,408917 
tcp,2048,960,407537 
tcp,2048,960,402638 
tcp,2048,960,408048 
tcp,2048,960,395282 
tcp,2048,960,415675 
tcp,2048,960,372521 
tcp,2048,960,367962 
tcp,2048,960,364177 
tcp,2048,960,408434 
tcp,2048,960,413501 
tcp,2048,960,393593 
tcp,2048,960,410015 
tcp,2048,960,395998 
tcp,2048,960,416277 
tcp,2048,960,410121 
tcp,2048,960,409758 
tcp,2048,960,420046 
tcp,2048,960,394643 
tcp,2048,960,385695 
tcp,2048,960,396222 
tcp,2048,960,425913 
tcp,2048,960,417229 
tcp,2048,960,386443 
tcp,2048,960,411502 
tcp,2048,960,398301 
tcp,2048,960,410165 
tcp,2048,960,416315 
tcp,2048,960,428698 
tcp,2048,960,406593 
tcp,2048,960,394031 
tcp,2048,960,395930 
tcp,2048,960,403673 
tcp,2048,960,419835 
tcp,2048,960,394715 
tcp,2048,960,415747 
tcp,2048,960,407809 
tcp,2048,960,409638 
tcp,2048,960,410951 
tcp,2048,960,374966 
tcp,2048,960,404714 
tcp,2048,960,400529 
tcp,2048,960,396283 
tcp,2048,960,411656 
tcp,2048,960,395532 
tcp,2048,960,416644 
tcp,2048,960,403958 
tcp,2048,960,410372 
tcp,2048,960,382704 
tcp,2048,960,407171 
tcp,2048,960,407967 
tcp,2048,960,395034 
tcp,2048,960,398049 
tcp,2048,960,409912 
tcp,2048,960,407634 
tcp,2048,960,403617 
tcp,2048,960,401876 
tcp,2048,960,408542 
tcp,2048,960,389802 
tcp,2048,960,403519 
tcp,2048,960,411617 
tcp,2048,960,395609 
tcp,2048,960,408750 
tcp,2048,960,383962 
tcp,2048,960,385703 
tcp,2048,960,420885 
tcp,2048,960,416571 
tcp,2048,960,406477 
tcp,2048,960,391135 
tcp,2048,960,408509 
tcp,2048,960,413641 
tcp,2048,960,396771 
tcp,2048,960,392683 
tcp,2048,960,403351 
tcp,2048,960,410439 
tcp,2048,960,381365 
tcp,2048,960,428244 
tcp,2048,960,396952 
tcp,2048,960,393784 
tcp,2048,1024,395849 
tcp,2048,1024,425866 
tcp,2048,1024,407279 
tcp,2048,1024,414236 
tcp,2048,1024,439799 
tcp,2048,1024,441057 
tcp,2048,1024,418080 
tcp,2048,1024,419212 
tcp,2048,1024,428204 
tcp,2048,1024,367747 
tcp,2048,1024,360793 
tcp,2048,1024,366889 
tcp,2048,1024,390175 
tcp,2048,1024,434888 
tcp,2048,1024,404730 
tcp,2048,1024,415455 
tcp,2048,1024,405281 
tcp,2048,1024,428605 
tcp,2048,1024,400238 
tcp,2048,1024,403126 
tcp,2048,1024,425048 
tcp,2048,1024,425241 
tcp,2048,1024,368650 
tcp,2048,1024,367813 
tcp,2048,1024,417731 
tcp,2048,1024,427150 
tcp,2048,1024,425741 
tcp,2048,1024,413641 
tcp,2048,1024,424547 
tcp,2048,1024,422392 
tcp,2048,1024,421792 
tcp,2048,1024,404483 
tcp,2048,1024,401011 
tcp,2048,1024,431781 
tcp,2048,1024,404457 
tcp,2048,1024,386164 
tcp,2048,1024,400464 
tcp,2048,1024,417121 
tcp,2048,1024,407066 
tcp,2048,1024,381549 
tcp,2048,1024,408113 
tcp,2048,1024,410701 
tcp,2048,1024,418956 
tcp,2048,1024,426093 
tcp,2048,1024,420745 
tcp,2048,1024,423144 
tcp,2048,1024,413610 
tcp,2048,1024,416198 
tcp,2048,1024,424090 
tcp,2048,1024,431127 
tcp,2048,1024,398420 
tcp,2048,1024,406885 
tcp,2048,1024,408984 
tcp,2048,1024,394366 
tcp,2048,1024,382648 
tcp,2048,1024,404454 
tcp,2048,1024,387804 
tcp,2048,1024,424449 
tcp,2048,1024,397433 
tcp,2048,1024,463381 
tcp,2048,1024,501683 
tcp,2048,1024,442287 
tcp,2048,1024,411708 
tcp,2048,1024,417583 
tcp,2048,1024,434366 
tcp,2048,1024,411790 
tcp,2048,1024,422931 
tcp,2048,1024,431518 
tcp,2048,1024,434569 
tcp,2048,1024,447214 
tcp,2048,1024,409502 
tcp,2048,1024,431173 
tcp,2048,1024,414680 
tcp,2048,1024,395586 
tcp,2048,1024,433657 
tcp,2048,1024,416718 
tcp,2048,1024,423725 
tcp,2048,1024,407551 
tcp,2048,1024,414081 
tcp,2048,1024,434374 
tcp,2048,1024,395001 
tcp,2048,1024,407063 
tcp,2048,1024,410128 
tcp,2048,1024,440028 
tcp,2048,1024,413784 
tcp,2048,1024,430809 
tcp,2048,1024,411451 
tcp,2048,1024,430176 
tcp,2048,1024,430654 
tcp,2048,1024,435869 
tcp,2048,1024,413062 
tcp,2048,1024,398747 
tcp,2048,1024,439371 
tcp,2048,1024,410428 
tcp,2048,1024,421815 
tcp,2048,1024,441798 
tcp,2048,1024,422382 
tcp,2048,1024,440909 
tcp,2048,1024,397576 
tcp,2048,1024,400595 
