tcp,2048,64,711245 
tcp,2048,64,677040 
tcp,2048,64,593400 
tcp,2048,64,497468 
tcp,2048,64,587258 
tcp,2048,64,882048 
tcp,2048,64,1415495 
tcp,2048,64,1306073 
tcp,2048,64,1100581 
tcp,2048,64,929705 
tcp,2048,64,756482 
tcp,2048,64,591920 
tcp,2048,64,560901 
tcp,2048,64,768097 
tcp,2048,64,701735 
tcp,2048,64,739918 
tcp,2048,64,608886 
tcp,2048,64,610201 
tcp,2048,64,655648 
tcp,2048,64,552219 
tcp,2048,64,537529 
tcp,2048,64,495788 
tcp,2048,64,558197 
tcp,2048,64,782451 
tcp,2048,64,681470 
tcp,2048,64,593397 
tcp,2048,64,528213 
tcp,2048,64,481732 
tcp,2048,64,585922 
tcp,2048,64,764413 
tcp,2048,64,695294 
tcp,2048,64,629440 
tcp,2048,64,1267074 
tcp,2048,64,1324461 
tcp,2048,64,1325842 
tcp,2048,64,892435 
tcp,2048,64,969934 
tcp,2048,64,915650 
tcp,2048,64,793912 
tcp,2048,64,801588 
tcp,2048,64,1082587 
tcp,2048,64,1462385 
tcp,2048,64,1221460 
tcp,2048,64,1407918 
tcp,2048,64,1435251 
tcp,2048,64,1391674 
tcp,2048,64,1247737 
tcp,2048,64,1490075 
tcp,2048,64,1214335 
tcp,2048,64,1296693 
tcp,2048,64,1072191 
tcp,2048,64,972579 
tcp,2048,64,934120 
tcp,2048,64,1069884 
tcp,2048,64,920523 
tcp,2048,64,1154376 
tcp,2048,64,1299062 
tcp,2048,64,1075172 
tcp,2048,64,789902 
tcp,2048,64,629503 
tcp,2048,64,705224 
tcp,2048,64,647092 
tcp,2048,64,589860 
tcp,2048,64,557889 
tcp,2048,64,635255 
tcp,2048,64,647832 
tcp,2048,64,874175 
tcp,2048,64,932757 
tcp,2048,64,1108564 
tcp,2048,64,867880 
tcp,2048,64,693941 
tcp,2048,64,725242 
tcp,2048,64,983112 
tcp,2048,64,791435 
tcp,2048,64,619224 
tcp,2048,64,798167 
tcp,2048,64,865590 
tcp,2048,64,729741 
tcp,2048,64,858475 
tcp,2048,64,1001838 
tcp,2048,64,937313 
tcp,2048,64,1099290 
tcp,2048,64,1137403 
tcp,2048,64,1024758 
tcp,2048,64,771396 
tcp,2048,64,654298 
tcp,2048,64,715124 
tcp,2048,64,879953 
tcp,2048,64,1266630 
tcp,2048,64,1394345 
tcp,2048,64,1127115 
tcp,2048,64,843720 
tcp,2048,64,654182 
tcp,2048,64,568556 
tcp,2048,64,524747 
tcp,2048,64,528977 
tcp,2048,64,553858 
tcp,2048,64,491119 
tcp,2048,64,481674 
tcp,2048,64,641837 
tcp,2048,256,2747603 
tcp,2048,256,2550870 
tcp,2048,256,3226454 
tcp,2048,256,2520915 
tcp,2048,256,2732764 
tcp,2048,256,2188887 
tcp,2048,256,2664721 
tcp,2048,256,2419584 
tcp,2048,256,1780791 
tcp,2048,256,2111449 
tcp,2048,256,2145585 
tcp,2048,256,2797909 
tcp,2048,256,2641232 
tcp,2048,256,3744977 
tcp,2048,256,2778177 
tcp,2048,256,2602135 
tcp,2048,256,3400258 
tcp,2048,256,2603337 
tcp,2048,256,2213899 
tcp,2048,256,3500501 
tcp,2048,256,2585245 
tcp,2048,256,2400227 
tcp,2048,256,2615022 
tcp,2048,256,2733121 
tcp,2048,256,2107829 
tcp,2048,256,2704999 
tcp,2048,256,2304955 
tcp,2048,256,1898245 
tcp,2048,256,2317249 
tcp,2048,256,1699853 
tcp,2048,256,1600873 
tcp,2048,256,2497483 
tcp,2048,256,3932544 
tcp,2048,256,3807138 
tcp,2048,256,3498588 
tcp,2048,256,3347698 
tcp,2048,256,2715182 
tcp,2048,256,3319782 
tcp,2048,256,3493626 
tcp,2048,256,2055555 
tcp,2048,256,1898718 
tcp,2048,256,2411018 
tcp,2048,256,1755465 
tcp,2048,256,1598976 
tcp,2048,256,2415671 
tcp,2048,256,3032610 
tcp,2048,256,2310394 
tcp,2048,256,2103128 
tcp,2048,256,1927966 
tcp,2048,256,3379868 
tcp,2048,256,2306604 
tcp,2048,256,2421557 
tcp,2048,256,3891773 
tcp,2048,256,4163524 
tcp,2048,256,3728708 
tcp,2048,256,3519521 
tcp,2048,256,3665806 
tcp,2048,256,2254422 
tcp,2048,256,2314321 
tcp,2048,256,1635632 
tcp,2048,256,2199748 
tcp,2048,256,3585537 
tcp,2048,256,3012761 
tcp,2048,256,1903982 
tcp,2048,256,1906523 
tcp,2048,256,3324740 
tcp,2048,256,2284975 
tcp,2048,256,2296440 
tcp,2048,256,3224675 
tcp,2048,256,3693671 
tcp,2048,256,3709569 
tcp,2048,256,2652040 
tcp,2048,256,2860289 
tcp,2048,256,2802526 
tcp,2048,256,1703679 
tcp,2048,256,3425026 
tcp,2048,256,2280522 
tcp,2048,256,2536204 
tcp,2048,256,1975193 
tcp,2048,256,2153333 
tcp,2048,256,1901845 
tcp,2048,256,2807792 
tcp,2048,256,3593682 
tcp,2048,256,3118671 
tcp,2048,256,2711199 
tcp,2048,256,2665185 
tcp,2048,256,3604213 
tcp,2048,256,2112134 
tcp,2048,256,3340603 
tcp,2048,256,2859558 
tcp,2048,256,3102202 
tcp,2048,256,3110617 
tcp,2048,256,2014681 
tcp,2048,256,1693717 
tcp,2048,256,1654127 
tcp,2048,256,2247727 
tcp,2048,256,2710365 
tcp,2048,256,3138490 
tcp,2048,256,3415446 
tcp,2048,256,2938844 
tcp,2048,448,4303460 
tcp,2048,448,4632828 
tcp,2048,448,4751737 
tcp,2048,448,3406201 
tcp,2048,448,3880121 
tcp,2048,448,4224581 
tcp,2048,448,5019254 
tcp,2048,448,4130763 
tcp,2048,448,4782581 
tcp,2048,448,4934689 
tcp,2048,448,6002656 
tcp,2048,448,3779958 
tcp,2048,448,3866211 
tcp,2048,448,4046571 
tcp,2048,448,4884396 
tcp,2048,448,5753262 
tcp,2048,448,5122147 
tcp,2048,448,4270730 
tcp,2048,448,5344250 
tcp,2048,448,5949017 
tcp,2048,448,5529121 
tcp,2048,448,3989584 
tcp,2048,448,3810269 
tcp,2048,448,2670209 
tcp,2048,448,4553031 
tcp,2048,448,4769903 
tcp,2048,448,5147033 
tcp,2048,448,3926755 
tcp,2048,448,3500687 
tcp,2048,448,5154783 
tcp,2048,448,5500427 
tcp,2048,448,3501432 
tcp,2048,448,3149368 
tcp,2048,448,4632602 
tcp,2048,448,4404983 
tcp,2048,448,4714791 
tcp,2048,448,5646638 
tcp,2048,448,3655530 
tcp,2048,448,4922721 
tcp,2048,448,4704104 
tcp,2048,448,3211280 
tcp,2048,448,5600858 
tcp,2048,448,4915502 
tcp,2048,448,5958079 
tcp,2048,448,4458285 
tcp,2048,448,5224210 
tcp,2048,448,3732981 
tcp,2048,448,3255106 
tcp,2048,448,3200997 
tcp,2048,448,5557753 
tcp,2048,448,4010136 
tcp,2048,448,5359673 
tcp,2048,448,4363023 
tcp,2048,448,5022721 
tcp,2048,448,4303825 
tcp,2048,448,4927954 
tcp,2048,448,5862111 
tcp,2048,448,4828337 
tcp,2048,448,2622325 
tcp,2048,448,5753219 
tcp,2048,448,5586253 
tcp,2048,448,5619001 
tcp,2048,448,4907974 
tcp,2048,448,3860265 
tcp,2048,448,4435600 
tcp,2048,448,4734442 
tcp,2048,448,2575805 
tcp,2048,448,3406224 
tcp,2048,448,5737096 
tcp,2048,448,4956274 
tcp,2048,448,5401226 
tcp,2048,448,4812580 
tcp,2048,448,3572683 
tcp,2048,448,4233472 
tcp,2048,448,5969262 
tcp,2048,448,5595021 
tcp,2048,448,5324243 
tcp,2048,448,4713113 
tcp,2048,448,3779995 
tcp,2048,448,3209768 
tcp,2048,448,4412286 
tcp,2048,448,3842455 
tcp,2048,448,3726081 
tcp,2048,448,4837062 
tcp,2048,448,3668086 
tcp,2048,448,3384195 
tcp,2048,448,5734468 
tcp,2048,448,3425769 
tcp,2048,448,2509833 
tcp,2048,448,3915495 
tcp,2048,448,6478144 
tcp,2048,448,4130166 
tcp,2048,448,4017422 
tcp,2048,448,3640029 
tcp,2048,448,4471455 
tcp,2048,448,4926017 
tcp,2048,448,5011771 
tcp,2048,448,4196182 
tcp,2048,448,4673816 
tcp,2048,448,3973814 
tcp,2048,640,6102734 
tcp,2048,640,5765434 
tcp,2048,640,5548317 
tcp,2048,640,8422961 
tcp,2048,640,7924094 
tcp,2048,640,6295669 
tcp,2048,640,4042098 
tcp,2048,640,7729248 
tcp,2048,640,6178503 
tcp,2048,640,6807948 
tcp,2048,640,5045278 
tcp,2048,640,6990477 
tcp,2048,640,5464298 
tcp,2048,640,8640122 
tcp,2048,640,6434394 
tcp,2048,640,4648583 
tcp,2048,640,7090127 
tcp,2048,640,6191231 
tcp,2048,640,8096174 
tcp,2048,640,5143354 
tcp,2048,640,5893565 
tcp,2048,640,6139540 
tcp,2048,640,5003662 
tcp,2048,640,4187526 
tcp,2048,640,6205105 
tcp,2048,640,6739496 
tcp,2048,640,5214333 
tcp,2048,640,6283972 
tcp,2048,640,7794534 
tcp,2048,640,6579038 
tcp,2048,640,6636615 
tcp,2048,640,6750738 
tcp,2048,640,6055252 
tcp,2048,640,6890439 
tcp,2048,640,6331782 
tcp,2048,640,5516965 
tcp,2048,640,7720456 
tcp,2048,640,7155230 
tcp,2048,640,6849380 
tcp,2048,640,6609870 
tcp,2048,640,7180633 
tcp,2048,640,6737552 
tcp,2048,640,5285192 
tcp,2048,640,5200359 
tcp,2048,640,5246801 
tcp,2048,640,7176890 
tcp,2048,640,5039743 
tcp,2048,640,3246166 
tcp,2048,640,5674782 
tcp,2048,640,5795088 
tcp,2048,640,5455082 
tcp,2048,640,4508292 
tcp,2048,640,3735126 
tcp,2048,640,6240978 
tcp,2048,640,7503692 
tcp,2048,640,5979975 
tcp,2048,640,4458729 
tcp,2048,640,3074641 
tcp,2048,640,6266896 
tcp,2048,640,5084939 
tcp,2048,640,6151944 
tcp,2048,640,5674392 
tcp,2048,640,7545147 
tcp,2048,640,5831516 
tcp,2048,640,7341286 
tcp,2048,640,6223577 
tcp,2048,640,7178229 
tcp,2048,640,7669838 
tcp,2048,640,9303072 
tcp,2048,640,6383963 
tcp,2048,640,7208180 
tcp,2048,640,5389548 
tcp,2048,640,4874184 
tcp,2048,640,5132841 
tcp,2048,640,4782645 
tcp,2048,640,5943687 
tcp,2048,640,5146123 
tcp,2048,640,6034497 
tcp,2048,640,6378713 
tcp,2048,640,6411027 
tcp,2048,640,7137763 
tcp,2048,640,7168941 
tcp,2048,640,5827352 
tcp,2048,640,6853400 
tcp,2048,640,6008764 
tcp,2048,640,6668596 
tcp,2048,640,6178180 
tcp,2048,640,7556521 
tcp,2048,640,6525230 
tcp,2048,640,5472161 
tcp,2048,640,6738864 
tcp,2048,640,6567402 
tcp,2048,640,6523907 
tcp,2048,640,5495824 
tcp,2048,640,8603843 
tcp,2048,640,7472363 
tcp,2048,640,7684827 
tcp,2048,640,6334616 
tcp,2048,640,3449097 
tcp,2048,640,6228370 
tcp,2048,832,9265078 
tcp,2048,832,8170796 
tcp,2048,832,7555562 
tcp,2048,832,4239262 
tcp,2048,832,7255046 
tcp,2048,832,10274836 
tcp,2048,832,8487014 
tcp,2048,832,9370212 
tcp,2048,832,5689988 
tcp,2048,832,4840317 
tcp,2048,832,4620020 
tcp,2048,832,4524359 
tcp,2048,832,9451886 
tcp,2048,832,6154519 
tcp,2048,832,5666882 
tcp,2048,832,9717051 
tcp,2048,832,7602915 
tcp,2048,832,9163898 
tcp,2048,832,5914632 
tcp,2048,832,7761178 
tcp,2048,832,7977642 
tcp,2048,832,7996183 
tcp,2048,832,8286602 
tcp,2048,832,6861759 
tcp,2048,832,8139682 
tcp,2048,832,9217802 
tcp,2048,832,8541765 
tcp,2048,832,9722178 
tcp,2048,832,8003921 
tcp,2048,832,10036803 
tcp,2048,832,11210413 
tcp,2048,832,7974688 
tcp,2048,832,5583245 
tcp,2048,832,7740201 
tcp,2048,832,7447483 
tcp,2048,832,9697802 
tcp,2048,832,7371665 
tcp,2048,832,9488560 
tcp,2048,832,9159181 
tcp,2048,832,5255181 
tcp,2048,832,6592866 
tcp,2048,832,5879593 
tcp,2048,832,9083700 
tcp,2048,832,10531561 
tcp,2048,832,8622884 
tcp,2048,832,10137864 
tcp,2048,832,6098687 
tcp,2048,832,8225192 
tcp,2048,832,8060410 
tcp,2048,832,10631668 
tcp,2048,832,9174793 
tcp,2048,832,7623884 
tcp,2048,832,7470531 
tcp,2048,832,7601922 
tcp,2048,832,7908008 
tcp,2048,832,8866306 
tcp,2048,832,7488556 
tcp,2048,832,10424375 
tcp,2048,832,9369862 
tcp,2048,832,8738220 
tcp,2048,832,7486015 
tcp,2048,832,8879871 
tcp,2048,832,8384822 
tcp,2048,832,10653054 
tcp,2048,832,8328331 
tcp,2048,832,8249071 
tcp,2048,832,8944537 
tcp,2048,832,11455225 
tcp,2048,832,7592608 
tcp,2048,832,7457090 
tcp,2048,832,8907830 
tcp,2048,832,7230979 
tcp,2048,832,10429258 
tcp,2048,832,6571554 
tcp,2048,832,8432310 
tcp,2048,832,7352286 
tcp,2048,832,7374072 
tcp,2048,832,7085597 
tcp,2048,832,7764149 
tcp,2048,832,9213059 
tcp,2048,832,7134959 
tcp,2048,832,9841111 
tcp,2048,832,9574692 
tcp,2048,832,9549376 
tcp,2048,832,7630132 
tcp,2048,832,8843965 
tcp,2048,832,7886503 
tcp,2048,832,7301721 
tcp,2048,832,8494072 
tcp,2048,832,7999264 
tcp,2048,832,7276718 
tcp,2048,832,7981761 
tcp,2048,832,9190488 
tcp,2048,832,9937496 
tcp,2048,832,7265063 
tcp,2048,832,5443950 
tcp,2048,832,9377301 
tcp,2048,832,7611020 
tcp,2048,832,8697977 
tcp,2048,832,7053673 
tcp,2048,1024,9553216 
tcp,2048,1024,7660604 
tcp,2048,1024,10394582 
tcp,2048,1024,9599421 
tcp,2048,1024,7307137 
tcp,2048,1024,10959491 
tcp,2048,1024,10741150 
tcp,2048,1024,11229180 
tcp,2048,1024,10453723 
tcp,2048,1024,6421577 
tcp,2048,1024,11131642 
tcp,2048,1024,9465535 
tcp,2048,1024,11948716 
tcp,2048,1024,10319155 
tcp,2048,1024,8955201 
tcp,2048,1024,9302439 
tcp,2048,1024,8894832 
tcp,2048,1024,10258644 
tcp,2048,1024,10582338 
tcp,2048,1024,12256757 
tcp,2048,1024,11039445 
tcp,2048,1024,8863820 
tcp,2048,1024,11452014 
tcp,2048,1024,8211400 
tcp,2048,1024,9258376 
tcp,2048,1024,8979862 
tcp,2048,1024,8303454 
tcp,2048,1024,10863186 
tcp,2048,1024,9060842 
tcp,2048,1024,8440674 
tcp,2048,1024,8718278 
tcp,2048,1024,8879587 
tcp,2048,1024,10825594 
tcp,2048,1024,8320416 
tcp,2048,1024,10453746 
tcp,2048,1024,9553288 
tcp,2048,1024,10474430 
tcp,2048,1024,11559245 
tcp,2048,1024,9933090 
tcp,2048,1024,6143374 
tcp,2048,1024,11181820 
tcp,2048,1024,8257010 
tcp,2048,1024,11219012 
tcp,2048,1024,6676822 
tcp,2048,1024,12570991 
tcp,2048,1024,11731096 
tcp,2048,1024,9826264 
tcp,2048,1024,12290013 
tcp,2048,1024,11629865 
tcp,2048,1024,10175458 
tcp,2048,1024,10983936 
tcp,2048,1024,7553444 
tcp,2048,1024,8159910 
tcp,2048,1024,11961255 
tcp,2048,1024,12632875 
tcp,2048,1024,10849895 
tcp,2048,1024,12043191 
tcp,2048,1024,9983421 
tcp,2048,1024,9234690 
tcp,2048,1024,8986990 
tcp,2048,1024,8176533 
tcp,2048,1024,12138674 
tcp,2048,1024,6569499 
tcp,2048,1024,5645359 
tcp,2048,1024,9300181 
tcp,2048,1024,8311860 
tcp,2048,1024,5936524 
tcp,2048,1024,8376197 
tcp,2048,1024,10141920 
tcp,2048,1024,9206528 
tcp,2048,1024,9729662 
tcp,2048,1024,8890924 
tcp,2048,1024,9909966 
tcp,2048,1024,7603097 
tcp,2048,1024,9274226 
tcp,2048,1024,10668421 
tcp,2048,1024,9975379 
tcp,2048,1024,12174214 
tcp,2048,1024,8567276 
tcp,2048,1024,7171401 
tcp,2048,1024,6028943 
tcp,2048,1024,10151551 
tcp,2048,1024,9254383 
tcp,2048,1024,8017804 
tcp,2048,1024,6853282 
tcp,2048,1024,10497604 
tcp,2048,1024,9642558 
tcp,2048,1024,9771222 
tcp,2048,1024,7484626 
tcp,2048,1024,7102184 
tcp,2048,1024,9552286 
tcp,2048,1024,11609705 
tcp,2048,1024,12508209 
tcp,2048,1024,8383505 
tcp,2048,1024,9780500 
tcp,2048,1024,10604219 
tcp,2048,1024,11112878 
tcp,2048,1024,9983594 
tcp,2048,1024,7335778 
tcp,2048,1024,9480246 
quic,2048,64,212791 
quic,2048,64,173873 
quic,2048,64,323475 
quic,2048,64,155021 
quic,2048,64,235302 
quic,2048,64,245715 
quic,2048,64,401908 
quic,2048,64,423247 
quic,2048,64,643744 
quic,2048,64,562153 
quic,2048,64,808736 
quic,2048,64,902294 
quic,2048,64,455700 
quic,2048,64,676403 
quic,2048,64,773520 
quic,2048,64,433254 
quic,2048,64,541866 
quic,2048,64,565798 
quic,2048,64,580574 
quic,2048,64,626960 
quic,2048,64,484822 
quic,2048,64,475956 
quic,2048,64,491849 
quic,2048,64,467100 
quic,2048,64,348846 
quic,2048,64,444986 
quic,2048,64,326156 
quic,2048,64,740556 
quic,2048,64,515057 
quic,2048,64,279475 
quic,2048,64,492047 
quic,2048,64,514562 
quic,2048,64,566032 
quic,2048,64,618002 
quic,2048,64,460526 
quic,2048,64,622812 
quic,2048,64,518711 
quic,2048,64,420951 
quic,2048,64,655683 
quic,2048,64,429237 
quic,2048,64,439871 
quic,2048,64,488949 
quic,2048,64,418040 
quic,2048,64,334901 
quic,2048,64,515194 
quic,2048,64,787846 
quic,2048,64,643890 
quic,2048,64,417993 
quic,2048,64,506971 
quic,2048,64,489797 
quic,2048,64,522519 
quic,2048,64,612151 
quic,2048,64,419042 
quic,2048,64,480654 
quic,2048,64,570004 
quic,2048,64,505703 
quic,2048,64,324957 
quic,2048,64,470606 
quic,2048,64,409474 
quic,2048,64,303861 
quic,2048,64,412351 
quic,2048,64,570908 
quic,2048,64,729407 
quic,2048,64,636910 
quic,2048,64,725074 
quic,2048,64,457960 
quic,2048,64,542898 
quic,2048,64,689807 
quic,2048,64,409868 
quic,2048,64,322030 
quic,2048,64,396194 
quic,2048,64,467241 
quic,2048,64,543694 
quic,2048,64,587420 
quic,2048,64,456159 
quic,2048,64,362115 
quic,2048,64,261088 
quic,2048,64,382926 
quic,2048,64,432799 
quic,2048,64,424102 
quic,2048,64,442847 
quic,2048,64,726814 
quic,2048,64,664201 
quic,2048,64,779902 
quic,2048,64,616199 
quic,2048,64,465699 
quic,2048,64,350246 
quic,2048,64,537824 
quic,2048,64,415951 
quic,2048,64,583182 
quic,2048,64,486500 
quic,2048,64,417910 
quic,2048,64,366328 
quic,2048,64,313283 
quic,2048,64,413009 
quic,2048,64,659578 
quic,2048,64,895316 
quic,2048,64,555792 
quic,2048,64,492811 
quic,2048,64,744601 
quic,2048,256,2221403 
quic,2048,256,2067280 
quic,2048,256,2191934 
quic,2048,256,2359131 
quic,2048,256,2154037 
quic,2048,256,1747655 
quic,2048,256,2103183 
quic,2048,256,1437618 
quic,2048,256,1247554 
quic,2048,256,1847379 
quic,2048,256,1485705 
quic,2048,256,1621314 
quic,2048,256,1731861 
quic,2048,256,1776714 
quic,2048,256,1280222 
quic,2048,256,1818406 
quic,2048,256,1238731 
quic,2048,256,1799377 
quic,2048,256,1636158 
quic,2048,256,1697653 
quic,2048,256,1500986 
quic,2048,256,1542821 
quic,2048,256,1719044 
quic,2048,256,2074124 
quic,2048,256,1706578 
quic,2048,256,1969490 
quic,2048,256,1441094 
quic,2048,256,2016504 
quic,2048,256,2106386 
quic,2048,256,1509437 
quic,2048,256,2471644 
quic,2048,256,1509338 
quic,2048,256,1140168 
quic,2048,256,1506283 
quic,2048,256,1435277 
quic,2048,256,1426395 
quic,2048,256,1316339 
quic,2048,256,1903682 
quic,2048,256,1654062 
quic,2048,256,2492967 
quic,2048,256,2144249 
quic,2048,256,1831944 
quic,2048,256,1807600 
quic,2048,256,1453107 
quic,2048,256,1761205 
quic,2048,256,1763841 
quic,2048,256,2129575 
quic,2048,256,1995715 
quic,2048,256,1665370 
quic,2048,256,1454937 
quic,2048,256,2343758 
quic,2048,256,1773741 
quic,2048,256,2154125 
quic,2048,256,1637043 
quic,2048,256,1864018 
quic,2048,256,2192779 
quic,2048,256,2413777 
quic,2048,256,1472494 
quic,2048,256,1777913 
quic,2048,256,2024571 
quic,2048,256,1047861 
quic,2048,256,1526520 
quic,2048,256,2044236 
quic,2048,256,1836550 
quic,2048,256,2066785 
quic,2048,256,1880186 
quic,2048,256,1872395 
quic,2048,256,2073878 
quic,2048,256,1422378 
quic,2048,256,1629204 
quic,2048,256,1238429 
quic,2048,256,2054719 
quic,2048,256,1778868 
quic,2048,256,1530811 
quic,2048,256,1388904 
quic,2048,256,1355891 
quic,2048,256,1167025 
quic,2048,256,1646998 
quic,2048,256,2061400 
quic,2048,256,1043901 
quic,2048,256,1043433 
quic,2048,256,1718791 
quic,2048,256,1655383 
quic,2048,256,1674561 
quic,2048,256,1916754 
quic,2048,256,1771342 
quic,2048,256,866455 
quic,2048,256,985787 
quic,2048,256,1003823 
quic,2048,256,1771211 
quic,2048,256,1520904 
quic,2048,256,2311971 
quic,2048,256,2549423 
quic,2048,256,2163612 
quic,2048,256,1798659 
quic,2048,256,1634738 
quic,2048,256,1309279 
quic,2048,256,2348883 
quic,2048,256,2349594 
quic,2048,256,2164986 
quic,2048,448,3243937 
quic,2048,448,1964357 
quic,2048,448,2652973 
quic,2048,448,2235906 
quic,2048,448,2787156 
quic,2048,448,2650561 
quic,2048,448,2278006 
quic,2048,448,2678202 
quic,2048,448,3239345 
quic,2048,448,3038949 
quic,2048,448,3614589 
quic,2048,448,2741762 
quic,2048,448,2676345 
quic,2048,448,2017638 
quic,2048,448,2269129 
quic,2048,448,2965659 
quic,2048,448,2502416 
quic,2048,448,3994077 
quic,2048,448,3059499 
quic,2048,448,2873162 
quic,2048,448,4506591 
quic,2048,448,4097385 
quic,2048,448,4058532 
quic,2048,448,2440558 
quic,2048,448,2599351 
quic,2048,448,2842131 
quic,2048,448,2242843 
quic,2048,448,2256182 
quic,2048,448,2521479 
quic,2048,448,2845732 
quic,2048,448,2317766 
quic,2048,448,2266907 
quic,2048,448,2647585 
quic,2048,448,3251526 
quic,2048,448,2805988 
quic,2048,448,3512259 
quic,2048,448,2668776 
quic,2048,448,2599595 
quic,2048,448,3360289 
quic,2048,448,2654522 
quic,2048,448,2876889 
quic,2048,448,3138173 
quic,2048,448,3372628 
quic,2048,448,2907018 
quic,2048,448,2173614 
quic,2048,448,3265392 
quic,2048,448,3880706 
quic,2048,448,3316980 
quic,2048,448,2582252 
quic,2048,448,3650618 
quic,2048,448,3437804 
quic,2048,448,2680466 
quic,2048,448,3199867 
quic,2048,448,3422229 
quic,2048,448,2612672 
quic,2048,448,3879740 
quic,2048,448,3026684 
quic,2048,448,3094903 
quic,2048,448,3060030 
quic,2048,448,2790367 
quic,2048,448,2417446 
quic,2048,448,2584154 
quic,2048,448,3032478 
quic,2048,448,4134417 
quic,2048,448,3248220 
quic,2048,448,2565501 
quic,2048,448,2655959 
quic,2048,448,3197614 
quic,2048,448,1961801 
quic,2048,448,1951652 
quic,2048,448,262973 
quic,2048,448,3650618 
quic,2048,448,3437804 
quic,2048,448,2680466 
quic,2048,448,3199867 
quic,2048,448,3422229 
quic,2048,448,2612672 
quic,2048,448,3879740 
quic,2048,448,3026684 
quic,2048,448,3094903 
quic,2048,448,3060030 
quic,2048,448,2790367 
quic,2048,448,2417446 
quic,2048,448,2584154 
quic,2048,448,3032478 
quic,2048,448,4134417 
quic,2048,448,3248220 
quic,2048,448,2565501 
quic,2048,448,2655959 
quic,2048,448,3197614 
quic,2048,448,1961801 
quic,2048,448,1951652 
quic,2048,448,262973
quic,2048,448,3197614 
quic,2048,448,1961801 
quic,2048,448,1951652 
quic,2048,448,262973
quic,2048,448,3197614 
quic,2048,448,1961801 
quic,2048,448,1951652 
quic,2048,640,5214126 
quic,2048,640,4478878 
quic,2048,640,3911818 
quic,2048,640,3596583 
quic,2048,640,4336868 
quic,2048,640,3720633 
quic,2048,640,4864958 
quic,2048,640,4502312 
quic,2048,640,4548094 
quic,2048,640,3487496 
quic,2048,640,3591639 
quic,2048,640,3901612 
quic,2048,640,3066363 
quic,2048,640,3333293 
quic,2048,640,5638504 
quic,2048,640,4795286 
quic,2048,640,4335406 
quic,2048,640,4058864 
quic,2048,640,2552621 
quic,2048,640,3782926 
quic,2048,640,3722985 
quic,2048,640,3859125 
quic,2048,640,4750209 
quic,2048,640,3667940 
quic,2048,640,4288209 
quic,2048,640,4527139 
quic,2048,640,3633425 
quic,2048,640,2755193 
quic,2048,640,3179351 
quic,2048,640,3583068 
quic,2048,640,4531080 
quic,2048,640,4033393 
quic,2048,640,3367025 
quic,2048,640,5050366 
quic,2048,640,4980584 
quic,2048,640,4594240 
quic,2048,640,5200303 
quic,2048,640,4548540 
quic,2048,640,3663819 
quic,2048,640,5661711 
quic,2048,640,4800164 
quic,2048,640,2763760 
quic,2048,640,5475004 
quic,2048,640,5045423 
quic,2048,640,3873837 
quic,2048,640,4099526 
quic,2048,640,3416214 
quic,2048,640,4070280 
quic,2048,640,4070832 
quic,2048,640,3374608 
quic,2048,640,3776425 
quic,2048,640,3593613 
quic,2048,640,4632716 
quic,2048,640,4178899 
quic,2048,640,4902041 
quic,2048,640,4558008 
quic,2048,640,4323011 
quic,2048,640,3544202 
quic,2048,640,3341205 
quic,2048,640,3474308 
quic,2048,640,4060424 
quic,2048,640,3528283 
quic,2048,640,3856916 
quic,2048,640,4687696 
quic,2048,640,4273963 
quic,2048,640,2901648 
quic,2048,640,3404492 
quic,2048,640,2797321 
quic,2048,640,3627428 
quic,2048,640,4527878 
quic,2048,640,2741615 
quic,2048,640,4051365 
quic,2048,640,4051451 
quic,2048,640,3794908 
quic,2048,640,4409574 
quic,2048,640,4129373 
quic,2048,640,3992295 
quic,2048,640,3589014 
quic,2048,640,3990697 
quic,2048,640,4676450 
quic,2048,640,3949936 
quic,2048,640,4068070 
quic,2048,640,2636566 
quic,2048,640,3274162 
quic,2048,640,4162117 
quic,2048,640,3193995 
quic,2048,640,2525705 
quic,2048,640,3592423 
quic,2048,640,3761074 
quic,2048,640,4879990 
quic,2048,640,5332294 
quic,2048,640,4067552 
quic,2048,640,4013095 
quic,2048,640,5030667 
quic,2048,640,4126434 
quic,2048,640,4224402 
quic,2048,640,3789829 
quic,2048,640,3330269 
quic,2048,640,3928676 
quic,2048,640,3911182 
quic,2048,832,5382673 
quic,2048,832,6551926 
quic,2048,832,4616993 
quic,2048,832,4256329 
quic,2048,832,5185003 
quic,2048,832,6172286 
quic,2048,832,6360899 
quic,2048,832,5035546 
quic,2048,832,5422583 
quic,2048,832,4147490 
quic,2048,832,4344642 
quic,2048,832,5940548 
quic,2048,832,5787543 
quic,2048,832,5257581 
quic,2048,832,5889353 
quic,2048,832,4974632 
quic,2048,832,5105203 
quic,2048,832,5159986 
quic,2048,832,4901838 
quic,2048,832,5682434 
quic,2048,832,6057507 
quic,2048,832,5089746 
quic,2048,832,7737059 
quic,2048,832,3918994 
quic,2048,832,3388623 
quic,2048,832,5399870 
quic,2048,832,5771341 
quic,2048,832,5125408 
quic,2048,832,8314558 
quic,2048,832,6358523 
quic,2048,832,6652751 
quic,2048,832,5149660 
quic,2048,832,5121575 
quic,2048,832,4640332 
quic,2048,832,7283932 
quic,2048,832,5856103 
quic,2048,832,5559539 
quic,2048,832,4953772 
quic,2048,832,4156128 
quic,2048,832,4736657 
quic,2048,832,7723100 
quic,2048,832,5451756 
quic,2048,832,4048421 
quic,2048,832,6133954 
quic,2048,832,5022639 
quic,2048,832,4958168 
quic,2048,832,6155569 
quic,2048,832,4191451 
quic,2048,832,4508201 
quic,2048,832,5596275 
quic,2048,832,5014214 
quic,2048,832,6241601 
quic,2048,832,5479373 
quic,2048,832,4654501 
quic,2048,832,4754519 
quic,2048,832,6094450 
quic,2048,832,5566356 
quic,2048,832,5109004 
quic,2048,832,5834079 
quic,2048,832,6636073 
quic,2048,832,4634692 
quic,2048,832,5412453 
quic,2048,832,3511931 
quic,2048,832,4457468 
quic,2048,832,5106722 
quic,2048,832,5505090 
quic,2048,832,4539046 
quic,2048,832,4360480 
quic,2048,832,3807421 
quic,2048,832,6614260 
quic,2048,832,5333947 
quic,2048,832,4853924 
quic,2048,832,6876710 
quic,2048,832,4742917 
quic,2048,832,5371457 
quic,2048,832,5697969 
quic,2048,832,4236711 
quic,2048,832,5133416 
quic,2048,832,4230321 
quic,2048,832,5116175 
quic,2048,832,5101853 
quic,2048,832,4399714 
quic,2048,832,4861344 
quic,2048,832,5866319 
quic,2048,832,6724255 
quic,2048,832,4560955 
quic,2048,832,3571274 
quic,2048,832,4262690 
quic,2048,832,5376341 
quic,2048,832,6260008 
quic,2048,832,5064700 
quic,2048,832,3884442 
quic,2048,832,5926241 
quic,2048,832,5843250 
quic,2048,832,6335656 
quic,2048,832,4583437 
quic,2048,832,5492108 
quic,2048,832,4103272 
quic,2048,832,5491065 
quic,2048,832,5305006 
quic,2048,1024,4914124 
quic,2048,1024,5989484 
quic,2048,1024,5640782 
quic,2048,1024,5734823 
quic,2048,1024,5869097 
quic,2048,1024,6522730 
quic,2048,1024,7007940 
quic,2048,1024,7223056 
quic,2048,1024,8437013 
quic,2048,1024,4505565 
quic,2048,1024,5782386 
quic,2048,1024,7064275 
quic,2048,1024,4200892 
quic,2048,1024,5856194 
quic,2048,1024,5324544 
quic,2048,1024,5642899 
quic,2048,1024,7268632 
quic,2048,1024,7216342 
quic,2048,1024,6768252 
quic,2048,1024,6474467 
quic,2048,1024,7805680 
quic,2048,1024,8041773 
quic,2048,1024,4145361 
quic,2048,1024,4937473 
quic,2048,1024,6321688 
quic,2048,1024,6586873 
quic,2048,1024,6903810 
quic,2048,1024,7844759 
quic,2048,1024,7420270 
quic,2048,1024,7206699 
quic,2048,1024,8846249 
quic,2048,1024,6698064 
quic,2048,1024,5800311 
quic,2048,1024,7289608 
quic,2048,1024,5415080 
quic,2048,1024,6143551 
quic,2048,1024,4795326 
quic,2048,1024,5858928 
quic,2048,1024,5627521 
quic,2048,1024,7314712 
quic,2048,1024,7537874 
quic,2048,1024,6453044 
quic,2048,1024,5890341 
quic,2048,1024,5753476 
quic,2048,1024,9078506 
quic,2048,1024,6256785 
quic,2048,1024,5796213 
quic,2048,1024,5245084 
quic,2048,1024,6243702 
quic,2048,1024,6534039 
quic,2048,1024,7581495 
quic,2048,1024,8441957 
quic,2048,1024,7740559 
quic,2048,1024,7607941 
quic,2048,1024,6535882 
quic,2048,1024,7246239 
quic,2048,1024,7804642 
quic,2048,1024,6029217 
quic,2048,1024,7322419 
quic,2048,1024,6800767 
quic,2048,1024,6684292 
quic,2048,1024,6854105 
quic,2048,1024,6680949 
quic,2048,1024,7767732 
quic,2048,1024,4832759 
quic,2048,1024,6183478 
quic,2048,1024,7451470 
quic,2048,1024,5843817 
quic,2048,1024,6137887 
quic,2048,1024,4334936 
quic,2048,1024,6346751 
quic,2048,1024,6342227 
quic,2048,1024,3452856 
quic,2048,1024,6204838 
quic,2048,1024,5523526 
quic,2048,1024,5702709 
quic,2048,1024,7692532 
quic,2048,1024,6533179 
quic,2048,1024,7567654 
quic,2048,1024,9460439 
quic,2048,1024,6018748 
quic,2048,1024,4804964 
quic,2048,1024,6176237 
quic,2048,1024,5156453 
quic,2048,1024,5365121 
quic,2048,1024,7667618 
quic,2048,1024,5819148 
quic,2048,1024,5838896 
quic,2048,1024,7371266 
quic,2048,1024,6498658 
quic,2048,1024,4527986 
quic,2048,1024,4942038 
quic,2048,1024,5745015 
quic,2048,1024,5541488 
quic,2048,1024,5496053 
quic,2048,1024,5616609 
quic,2048,1024,6703055 
quic,2048,1024,6723569 
quic,2048,1024,7175130 
quic,2048,1024,8416959 
