quic,2048,64,77950 
quic,2048,64,58528 
quic,2048,64,47452 
quic,2048,64,207678 
quic,2048,64,452552 
quic,2048,64,56193 
quic,2048,64,52274 
quic,2048,64,38549 
quic,2048,64,31490 
quic,2048,64,26297 
quic,2048,64,34052 
quic,2048,64,39466 
quic,2048,64,25720 
quic,2048,64,33563 
quic,2048,64,31527 
quic,2048,64,28405 
quic,2048,64,34797 
quic,2048,64,34820 
quic,2048,64,59852 
quic,2048,64,45650 
quic,2048,64,32551 
quic,2048,64,44212 
quic,2048,64,26473 
quic,2048,64,32633 
quic,2048,64,31308 
quic,2048,64,37811 
quic,2048,64,36417 
quic,2048,64,36618 
quic,2048,64,25168 
quic,2048,64,29700 
quic,2048,64,40668 
quic,2048,64,25733 
quic,2048,64,31859 
quic,2048,64,28393 
quic,2048,64,32420 
quic,2048,64,38585 
quic,2048,64,35473 
quic,2048,64,26526 
quic,2048,64,21597 
quic,2048,64,33756 
quic,2048,64,26263 
quic,2048,64,28997 
quic,2048,64,34298 
quic,2048,64,39362 
quic,2048,64,41862 
quic,2048,64,39827 
quic,2048,64,32422 
quic,2048,64,32763 
quic,2048,64,36572 
quic,2048,64,57293 
quic,2048,64,27000 
quic,2048,64,34018 
quic,2048,64,39498 
quic,2048,64,36373 
quic,2048,64,33967 
quic,2048,64,26214 
quic,2048,64,33460 
quic,2048,64,82071 
quic,2048,64,31297 
quic,2048,64,40087 
quic,2048,64,28079 
quic,2048,64,33047 
quic,2048,64,44445 
quic,2048,64,27791 
quic,2048,64,48581 
quic,2048,64,24757 
quic,2048,64,27620 
quic,2048,64,25204 
quic,2048,64,30455 
quic,2048,64,26851 
quic,2048,64,25951 
quic,2048,64,36909 
quic,2048,64,27566 
quic,2048,64,35564 
quic,2048,64,25878 
quic,2048,64,20626 
quic,2048,64,26495 
quic,2048,64,39927 
quic,2048,64,28592 
quic,2048,64,35804 
quic,2048,64,20439 
quic,2048,64,21139 
quic,2048,64,31415 
quic,2048,64,28552 
quic,2048,64,66136 
quic,2048,64,68574 
quic,2048,64,57259 
quic,2048,64,80734 
quic,2048,64,29235 
quic,2048,64,43823 
quic,2048,64,29356 
quic,2048,64,38922 
quic,2048,64,33843 
quic,2048,64,33561 
quic,2048,64,24824 
quic,2048,64,29045 
quic,2048,64,82578 
quic,2048,64,44781 
quic,2048,64,86238 
quic,2048,64,55709 
quic,2048,128,95562 
quic,2048,128,155602 
quic,2048,128,134841 
quic,2048,128,56215 
quic,2048,128,55453 
quic,2048,128,60029 
quic,2048,128,53660 
quic,2048,128,92107 
quic,2048,128,64889 
quic,2048,128,63428 
quic,2048,128,50445 
quic,2048,128,65648 
quic,2048,128,52935 
quic,2048,128,58137 
quic,2048,128,68312 
quic,2048,128,67021 
quic,2048,128,48508 
quic,2048,128,56871 
quic,2048,128,60015 
quic,2048,128,46804 
quic,2048,128,48703 
quic,2048,128,42471 
quic,2048,128,55698 
quic,2048,128,63285 
quic,2048,128,59296 
quic,2048,128,56922 
quic,2048,128,62646 
quic,2048,128,65551 
quic,2048,128,46427 
quic,2048,128,43245 
quic,2048,128,47810 
quic,2048,128,84817 
quic,2048,128,73332 
quic,2048,128,56613 
quic,2048,128,47267 
quic,2048,128,45510 
quic,2048,128,43449 
quic,2048,128,67589 
quic,2048,128,518304 
quic,2048,128,82098 
quic,2048,128,74790 
quic,2048,128,68276 
quic,2048,128,60215 
quic,2048,128,92537 
quic,2048,128,59149 
quic,2048,128,44854 
quic,2048,128,48921 
quic,2048,128,52618 
quic,2048,128,53800 
quic,2048,128,49254 
quic,2048,128,66363 
quic,2048,128,71909 
quic,2048,128,60309 
quic,2048,128,52456 
quic,2048,128,49931 
quic,2048,128,39491 
quic,2048,128,42839 
quic,2048,128,45571 
quic,2048,128,42689 
quic,2048,128,46920 
quic,2048,128,44431 
quic,2048,128,70753 
quic,2048,128,77525 
quic,2048,128,76723 
quic,2048,128,46650 
quic,2048,128,47963 
quic,2048,128,66579 
quic,2048,128,40567 
quic,2048,128,48509 
quic,2048,128,73340 
quic,2048,128,75986 
quic,2048,128,62075 
quic,2048,128,64134 
quic,2048,128,69238 
quic,2048,128,319031 
quic,2048,128,439116 
quic,2048,128,51886 
quic,2048,128,47628 
quic,2048,128,56240 
quic,2048,128,59967 
quic,2048,128,57692 
quic,2048,128,55425 
quic,2048,128,48127 
quic,2048,128,36618 
quic,2048,128,50406 
quic,2048,128,42934 
quic,2048,128,38815 
quic,2048,128,38285 
quic,2048,128,47892 
quic,2048,128,45171 
quic,2048,128,33025 
quic,2048,128,52830 
quic,2048,128,48237 
quic,2048,128,43288 
quic,2048,128,29392 
quic,2048,128,45977 
quic,2048,128,31327 
quic,2048,128,40220 
quic,2048,128,35976 
quic,2048,128,47412 
quic,2048,192,68134 
quic,2048,192,51979 
quic,2048,192,60360 
quic,2048,192,97010 
quic,2048,192,51797 
quic,2048,192,64948 
quic,2048,192,55702 
quic,2048,192,53522 
quic,2048,192,52673 
quic,2048,192,73933 
quic,2048,192,61887 
quic,2048,192,81572 
quic,2048,192,48784 
quic,2048,192,56542 
quic,2048,192,50720 
quic,2048,192,48820 
quic,2048,192,53358 
quic,2048,192,51704 
quic,2048,192,66371 
quic,2048,192,67418 
quic,2048,192,98032 
quic,2048,192,58662 
quic,2048,192,75083 
quic,2048,192,65003 
quic,2048,192,66191 
quic,2048,192,61410 
quic,2048,192,122197 
quic,2048,192,86248 
quic,2048,192,59948 
quic,2048,192,64350 
quic,2048,192,69470 
quic,2048,192,74619 
quic,2048,192,68488 
quic,2048,192,70138 
quic,2048,192,71527 
quic,2048,192,71786 
quic,2048,192,72554 
quic,2048,192,56930 
quic,2048,192,84326 
quic,2048,192,81821 
quic,2048,192,71293 
quic,2048,192,74006 
quic,2048,192,85066 
quic,2048,192,64943 
quic,2048,192,76183 
quic,2048,192,72127 
quic,2048,192,60958 
quic,2048,192,66376 
quic,2048,192,72247 
quic,2048,192,54212 
quic,2048,192,75420 
quic,2048,192,63149 
quic,2048,192,69492 
quic,2048,192,77402 
quic,2048,192,67617 
quic,2048,192,60140 
quic,2048,192,65899 
quic,2048,192,99219 
quic,2048,192,74894 
quic,2048,192,89824 
quic,2048,192,78336 
quic,2048,192,51239 
quic,2048,192,64798 
quic,2048,192,57040 
quic,2048,192,68659 
quic,2048,192,73716 
quic,2048,192,63674 
quic,2048,192,76569 
quic,2048,192,64515 
quic,2048,192,63683 
quic,2048,192,57918 
quic,2048,192,62744 
quic,2048,192,70248 
quic,2048,192,54166 
quic,2048,192,65251 
quic,2048,192,53858 
quic,2048,192,54962 
quic,2048,192,60329 
quic,2048,192,58037 
quic,2048,192,55372 
quic,2048,192,59737 
quic,2048,192,78132 
quic,2048,192,57343 
quic,2048,192,59703 
quic,2048,192,64738 
quic,2048,192,61439 
quic,2048,192,54348 
quic,2048,192,75401 
quic,2048,192,65616 
quic,2048,192,56686 
quic,2048,192,67932 
quic,2048,192,62349 
quic,2048,192,46936 
quic,2048,192,68638 
quic,2048,192,55065 
quic,2048,192,59502 
quic,2048,192,93214 
quic,2048,192,76914 
quic,2048,192,54534 
quic,2048,192,61648 
quic,2048,256,72610 
quic,2048,256,80090 
quic,2048,256,74399 
quic,2048,256,73883 
quic,2048,256,82322 
quic,2048,256,81929 
quic,2048,256,81562 
quic,2048,256,83245 
quic,2048,256,84174 
quic,2048,256,146583 
quic,2048,256,136306 
quic,2048,256,125832 
quic,2048,256,74286 
quic,2048,256,90198 
quic,2048,256,99692 
quic,2048,256,79410 
quic,2048,256,73450 
quic,2048,256,89580 
quic,2048,256,88832 
quic,2048,256,70170 
quic,2048,256,79299 
quic,2048,256,85628 
quic,2048,256,101365 
quic,2048,256,621208 
quic,2048,256,115209 
quic,2048,256,145549 
quic,2048,256,135612 
quic,2048,256,71802 
quic,2048,256,72563 
quic,2048,256,99595 
quic,2048,256,78766 
quic,2048,256,81201 
quic,2048,256,84469 
quic,2048,256,70567 
quic,2048,256,73068 
quic,2048,256,70853 
quic,2048,256,149842 
quic,2048,256,76959 
quic,2048,256,89841 
quic,2048,256,81304 
quic,2048,256,84718 
quic,2048,256,83564 
quic,2048,256,69214 
quic,2048,256,116295 
quic,2048,256,158564 
quic,2048,256,84148 
quic,2048,256,104355 
quic,2048,256,83130 
quic,2048,256,94983 
quic,2048,256,129963 
quic,2048,256,148292 
quic,2048,256,118686 
quic,2048,256,102847 
quic,2048,256,100020 
quic,2048,256,274785 
quic,2048,256,111290 
quic,2048,256,106800 
quic,2048,256,84415 
quic,2048,256,93907 
quic,2048,256,91384 
quic,2048,256,84860 
quic,2048,256,83350 
quic,2048,256,88278 
quic,2048,256,82719 
quic,2048,256,88386 
quic,2048,256,82024 
quic,2048,256,80059 
quic,2048,256,84607 
quic,2048,256,92183 
quic,2048,256,95963 
quic,2048,256,112769 
quic,2048,256,110291 
quic,2048,256,102194 
quic,2048,256,383301 
quic,2048,256,116338 
quic,2048,256,95697 
quic,2048,256,96424 
quic,2048,256,103249 
quic,2048,256,94512 
quic,2048,256,99014 
quic,2048,256,89301 
quic,2048,256,104897 
quic,2048,256,99924 
quic,2048,256,101822 
quic,2048,256,84493 
quic,2048,256,89806 
quic,2048,256,94901 
quic,2048,256,88234 
quic,2048,256,102464 
quic,2048,256,89671 
quic,2048,256,96924 
quic,2048,256,96629 
quic,2048,256,77491 
quic,2048,256,89624 
quic,2048,256,85525 
quic,2048,256,77376 
quic,2048,256,84511 
quic,2048,256,73539 
quic,2048,256,85060 
quic,2048,256,101401 
quic,2048,320,114649 
quic,2048,320,112886 
quic,2048,320,169951 
quic,2048,320,102769 
quic,2048,320,112497 
quic,2048,320,111412 
quic,2048,320,106320 
quic,2048,320,135397 
quic,2048,320,133564 
quic,2048,320,133666 
quic,2048,320,152813 
quic,2048,320,141525 
quic,2048,320,140824 
quic,2048,320,155791 
quic,2048,320,134194 
quic,2048,320,112975 
quic,2048,320,99973 
quic,2048,320,105156 
quic,2048,320,138081 
quic,2048,320,107097 
quic,2048,320,119179 
quic,2048,320,217650 
quic,2048,320,106737 
quic,2048,320,118708 
quic,2048,320,145382 
quic,2048,320,110829 
quic,2048,320,130457 
quic,2048,320,107886 
quic,2048,320,123304 
quic,2048,320,110187 
quic,2048,320,98942 
quic,2048,320,147077 
quic,2048,320,165740 
quic,2048,320,135952 
quic,2048,320,117398 
quic,2048,320,117613 
quic,2048,320,100664 
quic,2048,320,105625 
quic,2048,320,100112 
quic,2048,320,92733 
quic,2048,320,109562 
quic,2048,320,108954 
quic,2048,320,119079 
quic,2048,320,111239 
quic,2048,320,100443 
quic,2048,320,107239 
quic,2048,320,125446 
quic,2048,320,120058 
quic,2048,320,155919 
quic,2048,320,123392 
quic,2048,320,114682 
quic,2048,320,133661 
quic,2048,320,117707 
quic,2048,320,141180 
quic,2048,320,114950 
quic,2048,320,113488 
quic,2048,320,122080 
quic,2048,320,127720 
quic,2048,320,131910 
quic,2048,320,111392 
quic,2048,320,103837 
quic,2048,320,102185 
quic,2048,320,98707 
quic,2048,320,114609 
quic,2048,320,121545 
quic,2048,320,86488 
quic,2048,320,102503 
quic,2048,320,101522 
quic,2048,320,114762 
quic,2048,320,143045 
quic,2048,320,129694 
quic,2048,320,161311 
quic,2048,320,118141 
quic,2048,320,135682 
quic,2048,320,112070 
quic,2048,320,112697 
quic,2048,320,111044 
quic,2048,320,132693 
quic,2048,320,132971 
quic,2048,320,140684 
quic,2048,320,133558 
quic,2048,320,116512 
quic,2048,320,165107 
quic,2048,320,128954 
quic,2048,320,111852 
quic,2048,320,120648 
quic,2048,320,114677 
quic,2048,320,125120 
quic,2048,320,142072 
quic,2048,320,119879 
quic,2048,320,125327 
quic,2048,320,115054 
quic,2048,320,125563 
quic,2048,320,113509 
quic,2048,320,142409 
quic,2048,320,136851 
quic,2048,320,148708 
quic,2048,320,228551 
quic,2048,320,179615 
quic,2048,320,171561 
quic,2048,384,137494 
quic,2048,384,139209 
quic,2048,384,137323 
quic,2048,384,139874 
quic,2048,384,143237 
quic,2048,384,135653 
quic,2048,384,121318 
quic,2048,384,154460 
quic,2048,384,136285 
quic,2048,384,147897 
quic,2048,384,131198 
quic,2048,384,157611 
quic,2048,384,127441 
quic,2048,384,167095 
quic,2048,384,158197 
quic,2048,384,131035 
quic,2048,384,124256 
quic,2048,384,152209 
quic,2048,384,134979 
quic,2048,384,137231 
quic,2048,384,124847 
quic,2048,384,156999 
quic,2048,384,131700 
quic,2048,384,123682 
quic,2048,384,130283 
quic,2048,384,133582 
quic,2048,384,149734 
quic,2048,384,146883 
quic,2048,384,139309 
quic,2048,384,152111 
quic,2048,384,136367 
quic,2048,384,131012 
quic,2048,384,144716 
quic,2048,384,172079 
quic,2048,384,128693 
quic,2048,384,143819 
quic,2048,384,130879 
quic,2048,384,120130 
quic,2048,384,124381 
quic,2048,384,159755 
quic,2048,384,150764 
quic,2048,384,136281 
quic,2048,384,133806 
quic,2048,384,131928 
quic,2048,384,117807 
quic,2048,384,135686 
quic,2048,384,118743 
quic,2048,384,126723 
quic,2048,384,131679 
quic,2048,384,149043 
quic,2048,384,162009 
quic,2048,384,115957 
quic,2048,384,127356 
quic,2048,384,134240 
quic,2048,384,166532 
quic,2048,384,148021 
quic,2048,384,164081 
quic,2048,384,133784 
quic,2048,384,121908 
quic,2048,384,137078 
quic,2048,384,132777 
quic,2048,384,128682 
quic,2048,384,168992 
quic,2048,384,270674 
quic,2048,384,134341 
quic,2048,384,143387 
quic,2048,384,138146 
quic,2048,384,148870 
quic,2048,384,111491 
quic,2048,384,124735 
quic,2048,384,124971 
quic,2048,384,127243 
quic,2048,384,142966 
quic,2048,384,173508 
quic,2048,384,145365 
quic,2048,384,109024 
quic,2048,384,122954 
quic,2048,384,140900 
quic,2048,384,126735 
quic,2048,384,126713 
quic,2048,384,130723 
quic,2048,384,154179 
quic,2048,384,668339 
quic,2048,384,137337 
quic,2048,384,127033 
quic,2048,384,157844 
quic,2048,384,145054 
quic,2048,384,141797 
quic,2048,384,144905 
quic,2048,384,118614 
quic,2048,384,179607 
quic,2048,384,138581 
quic,2048,384,134659 
quic,2048,384,146805 
quic,2048,384,120045 
quic,2048,384,161551 
quic,2048,384,126602 
quic,2048,384,124250 
quic,2048,384,157564 
quic,2048,384,121319 
quic,2048,448,167428 
quic,2048,448,134466 
quic,2048,448,149869 
quic,2048,448,138991 
quic,2048,448,174334 
quic,2048,448,149477 
quic,2048,448,150757 
quic,2048,448,162922 
quic,2048,448,151141 
quic,2048,448,155332 
quic,2048,448,189737 
quic,2048,448,160943 
quic,2048,448,149387 
quic,2048,448,146129 
quic,2048,448,142065 
quic,2048,448,143604 
quic,2048,448,534450 
quic,2048,448,173376 
quic,2048,448,161982 
quic,2048,448,161728 
quic,2048,448,156849 
quic,2048,448,180419 
quic,2048,448,168431 
quic,2048,448,137069 
quic,2048,448,161468 
quic,2048,448,224160 
quic,2048,448,151171 
quic,2048,448,157212 
quic,2048,448,160636 
quic,2048,448,146686 
quic,2048,448,137153 
quic,2048,448,136532 
quic,2048,448,155024 
quic,2048,448,134101 
quic,2048,448,138206 
quic,2048,448,132297 
quic,2048,448,157531 
quic,2048,448,145937 
quic,2048,448,193778 
quic,2048,448,153246 
quic,2048,448,158107 
quic,2048,448,157355 
quic,2048,448,155859 
quic,2048,448,160417 
quic,2048,448,166677 
quic,2048,448,200393 
quic,2048,448,174435 
quic,2048,448,169077 
quic,2048,448,177463 
quic,2048,448,163682 
quic,2048,448,136178 
quic,2048,448,147115 
quic,2048,448,145944 
quic,2048,448,158155 
quic,2048,448,172963 
quic,2048,448,151944 
quic,2048,448,148521 
quic,2048,448,145714 
quic,2048,448,156512 
quic,2048,448,173819 
quic,2048,448,131672 
quic,2048,448,169672 
quic,2048,448,132695 
quic,2048,448,146014 
quic,2048,448,142527 
quic,2048,448,131234 
quic,2048,448,140046 
quic,2048,448,135294 
quic,2048,448,146174 
quic,2048,448,146940 
quic,2048,448,140748 
quic,2048,448,153025 
quic,2048,448,169851 
quic,2048,448,145934 
quic,2048,448,262790 
quic,2048,448,189655 
quic,2048,448,145018 
quic,2048,448,123809 
quic,2048,448,137382 
quic,2048,448,142468 
quic,2048,448,190021 
quic,2048,448,258046 
quic,2048,448,154624 
quic,2048,448,139499 
quic,2048,448,134004 
quic,2048,448,114083 
quic,2048,448,136370 
quic,2048,448,139909 
quic,2048,448,141771 
quic,2048,448,135753 
quic,2048,448,153123 
quic,2048,448,141062 
quic,2048,448,155455 
quic,2048,448,136848 
quic,2048,448,154042 
quic,2048,448,131103 
quic,2048,448,137543 
quic,2048,448,121121 
quic,2048,448,214726 
quic,2048,448,150869 
quic,2048,512,194557 
quic,2048,512,151723 
quic,2048,512,196899 
quic,2048,512,159374 
quic,2048,512,174766 
quic,2048,512,189613 
quic,2048,512,187446 
quic,2048,512,178565 
quic,2048,512,167089 
quic,2048,512,164333 
quic,2048,512,174598 
quic,2048,512,178470 
quic,2048,512,179923 
quic,2048,512,171263 
quic,2048,512,232828 
quic,2048,512,189045 
quic,2048,512,160103 
quic,2048,512,176573 
quic,2048,512,167910 
quic,2048,512,183947 
quic,2048,512,175335 
quic,2048,512,195796 
quic,2048,512,184532 
quic,2048,512,189610 
quic,2048,512,155519 
quic,2048,512,162366 
quic,2048,512,193273 
quic,2048,512,185607 
quic,2048,512,175891 
quic,2048,512,204182 
quic,2048,512,208854 
quic,2048,512,219571 
quic,2048,512,197739 
quic,2048,512,160633 
quic,2048,512,174842 
quic,2048,512,200673 
quic,2048,512,236819 
quic,2048,512,232926 
quic,2048,512,200856 
quic,2048,512,167324 
quic,2048,512,177853 
quic,2048,512,422406 
quic,2048,512,166860 
quic,2048,512,195420 
quic,2048,512,160680 
quic,2048,512,175002 
quic,2048,512,233714 
quic,2048,512,237262 
quic,2048,512,166200 
quic,2048,512,159971 
quic,2048,512,162539 
quic,2048,512,427510 
quic,2048,512,202558 
quic,2048,512,202825 
quic,2048,512,191407 
quic,2048,512,170358 
quic,2048,512,162474 
quic,2048,512,171773 
quic,2048,512,175832 
quic,2048,512,181889 
quic,2048,512,170163 
quic,2048,512,165626 
quic,2048,512,258269 
quic,2048,512,203882 
quic,2048,512,154108 
quic,2048,512,198179 
quic,2048,512,193989 
quic,2048,512,165608 
quic,2048,512,170530 
quic,2048,512,157137 
quic,2048,512,160516 
quic,2048,512,153190 
quic,2048,512,166665 
quic,2048,512,191012 
quic,2048,512,168165 
quic,2048,512,199084 
quic,2048,512,180574 
quic,2048,512,149335 
quic,2048,512,180805 
quic,2048,512,229352 
quic,2048,512,167462 
quic,2048,512,195018 
quic,2048,512,210829 
quic,2048,512,189970 
quic,2048,512,213909 
quic,2048,512,350535 
quic,2048,512,204264 
quic,2048,512,219312 
quic,2048,512,186891 
quic,2048,512,193212 
quic,2048,512,180966 
quic,2048,512,165714 
quic,2048,512,141395 
quic,2048,512,167462 
quic,2048,512,211598 
quic,2048,512,222887 
quic,2048,512,210208 
quic,2048,512,185290 
quic,2048,512,241522 
quic,2048,512,186779 
quic,2048,576,247748 
quic,2048,576,279923 
quic,2048,576,263826 
quic,2048,576,224357 
quic,2048,576,249882 
quic,2048,576,224516 
quic,2048,576,238236 
quic,2048,576,249277 
quic,2048,576,231563 
quic,2048,576,214645 
quic,2048,576,228884 
quic,2048,576,208081 
quic,2048,576,206487 
quic,2048,576,212078 
quic,2048,576,222619 
quic,2048,576,205533 
quic,2048,576,194828 
quic,2048,576,200213 
quic,2048,576,174221 
quic,2048,576,224264 
quic,2048,576,200587 
quic,2048,576,182161 
quic,2048,576,184944 
quic,2048,576,167719 
quic,2048,576,180617 
quic,2048,576,213646 
quic,2048,576,189274 
quic,2048,576,210024 
quic,2048,576,209084 
quic,2048,576,240746 
quic,2048,576,300677 
quic,2048,576,186092 
quic,2048,576,164678 
quic,2048,576,201507 
quic,2048,576,190260 
quic,2048,576,187128 
quic,2048,576,185544 
quic,2048,576,201642 
quic,2048,576,196091 
quic,2048,576,237942 
quic,2048,576,275050 
quic,2048,576,186769 
quic,2048,576,204401 
quic,2048,576,208708 
quic,2048,576,172115 
quic,2048,576,244010 
quic,2048,576,174119 
quic,2048,576,182976 
quic,2048,576,172248 
quic,2048,576,164435 
quic,2048,576,189249 
quic,2048,576,190295 
quic,2048,576,161817 
quic,2048,576,180116 
quic,2048,576,168584 
quic,2048,576,166898 
quic,2048,576,218406 
quic,2048,576,218509 
quic,2048,576,169859 
quic,2048,576,176651 
quic,2048,576,174241 
quic,2048,576,170103 
quic,2048,576,197260 
quic,2048,576,189139 
quic,2048,576,157274 
quic,2048,576,166833 
quic,2048,576,194151 
quic,2048,576,177978 
quic,2048,576,161634 
quic,2048,576,158528 
quic,2048,576,165043 
quic,2048,576,197583 
quic,2048,576,176098 
quic,2048,576,195929 
quic,2048,576,229807 
quic,2048,576,228211 
quic,2048,576,266887 
quic,2048,576,325797 
quic,2048,576,378579 
quic,2048,576,217174 
quic,2048,576,283443 
quic,2048,576,245084 
quic,2048,576,208111 
quic,2048,576,200117 
quic,2048,576,229081 
quic,2048,576,272355 
quic,2048,576,221456 
quic,2048,576,241474 
quic,2048,576,255274 
quic,2048,576,575594 
quic,2048,576,482900 
quic,2048,576,259691 
quic,2048,576,263596 
quic,2048,576,242743 
quic,2048,576,233841 
quic,2048,576,211161 
quic,2048,576,182879 
quic,2048,576,186560 
quic,2048,576,165056 
quic,2048,576,196606 
quic,2048,640,186678 
quic,2048,640,182182 
quic,2048,640,223376 
quic,2048,640,236445 
quic,2048,640,172201 
quic,2048,640,201699 
quic,2048,640,195603 
quic,2048,640,190183 
quic,2048,640,215810 
quic,2048,640,185390 
quic,2048,640,186330 
quic,2048,640,198512 
quic,2048,640,199339 
quic,2048,640,220027 
quic,2048,640,510794 
quic,2048,640,183235 
quic,2048,640,232878 
quic,2048,640,214944 
quic,2048,640,318956 
quic,2048,640,206658 
quic,2048,640,242470 
quic,2048,640,193889 
quic,2048,640,175829 
quic,2048,640,196552 
quic,2048,640,238966 
quic,2048,640,198134 
quic,2048,640,181250 
quic,2048,640,239674 
quic,2048,640,212103 
quic,2048,640,171727 
quic,2048,640,194033 
quic,2048,640,169586 
quic,2048,640,164886 
quic,2048,640,188076 
quic,2048,640,186545 
quic,2048,640,156053 
quic,2048,640,186712 
quic,2048,640,206663 
quic,2048,640,168363 
quic,2048,640,174738 
quic,2048,640,220814 
quic,2048,640,166865 
quic,2048,640,189745 
quic,2048,640,187052 
quic,2048,640,173159 
quic,2048,640,222700 
quic,2048,640,366915 
quic,2048,640,268091 
quic,2048,640,257859 
quic,2048,640,264282 
quic,2048,640,204127 
quic,2048,640,223884 
quic,2048,640,266119 
quic,2048,640,238930 
quic,2048,640,235465 
quic,2048,640,245997 
quic,2048,640,336474 
quic,2048,640,257519 
quic,2048,640,244731 
quic,2048,640,270380 
quic,2048,640,334568 
quic,2048,640,455324 
quic,2048,640,335710 
quic,2048,640,279002 
quic,2048,640,330730 
quic,2048,640,285409 
quic,2048,640,256081 
quic,2048,640,239485 
quic,2048,640,231900 
quic,2048,640,211238 
quic,2048,640,251782 
quic,2048,640,236037 
quic,2048,640,248331 
quic,2048,640,297882 
quic,2048,640,344484 
quic,2048,640,248860 
quic,2048,640,222659 
quic,2048,640,261296 
quic,2048,640,242204 
quic,2048,640,209064 
quic,2048,640,179678 
quic,2048,640,220050 
quic,2048,640,249561 
quic,2048,640,238104 
quic,2048,640,216578 
quic,2048,640,189808 
quic,2048,640,233572 
quic,2048,640,221164 
quic,2048,640,220957 
quic,2048,640,247613 
quic,2048,640,214282 
quic,2048,640,199204 
quic,2048,640,208841 
quic,2048,640,239932 
quic,2048,640,212816 
quic,2048,640,276475 
quic,2048,640,208053 
quic,2048,640,183672 
quic,2048,640,228261 
quic,2048,640,205209 
quic,2048,704,877371 
quic,2048,704,283533 
quic,2048,704,434521 
quic,2048,704,818936 
quic,2048,704,328429 
quic,2048,704,417706 
quic,2048,704,994724 
quic,2048,704,1180684 
quic,2048,704,595582 
quic,2048,704,676559 
quic,2048,704,390334 
quic,2048,704,228245 
quic,2048,704,214407 
quic,2048,704,269972 
quic,2048,704,246148 
quic,2048,704,234591 
quic,2048,704,246467 
quic,2048,704,217486 
quic,2048,704,244882 
quic,2048,704,199136 
quic,2048,704,191960 
quic,2048,704,234376 
quic,2048,704,288603 
quic,2048,704,279957 
quic,2048,704,203975 
quic,2048,704,234686 
quic,2048,704,199484 
quic,2048,704,212777 
quic,2048,704,226801 
quic,2048,704,212365 
quic,2048,704,211337 
quic,2048,704,208171 
quic,2048,704,221226 
quic,2048,704,209091 
quic,2048,704,208115 
quic,2048,704,211084 
quic,2048,704,177321 
quic,2048,704,211334 
quic,2048,704,181729 
quic,2048,704,251000 
quic,2048,704,207777 
quic,2048,704,232547 
quic,2048,704,235646 
quic,2048,704,216222 
quic,2048,704,217042 
quic,2048,704,377300 
quic,2048,704,201386 
quic,2048,704,207975 
quic,2048,704,201321 
quic,2048,704,218184 
quic,2048,704,241873 
quic,2048,704,294070 
quic,2048,704,230705 
quic,2048,704,246668 
quic,2048,704,217710 
quic,2048,704,212357 
quic,2048,704,217541 
quic,2048,704,209906 
quic,2048,704,221531 
quic,2048,704,234641 
quic,2048,704,211589 
quic,2048,704,214629 
quic,2048,704,198681 
quic,2048,704,190718 
quic,2048,704,248094 
quic,2048,704,344187 
quic,2048,704,234212 
quic,2048,704,227838 
quic,2048,704,194077 
quic,2048,704,202546 
quic,2048,704,198335 
quic,2048,704,195305 
quic,2048,704,209799 
quic,2048,704,224395 
quic,2048,704,216290 
quic,2048,704,215249 
quic,2048,704,198114 
quic,2048,704,229749 
quic,2048,704,208206 
quic,2048,704,223597 
quic,2048,704,218908 
quic,2048,704,236734 
quic,2048,704,244327 
quic,2048,704,345708 
quic,2048,704,557216 
quic,2048,704,457486 
quic,2048,704,343523 
quic,2048,704,299040 
quic,2048,704,350947 
quic,2048,704,252101 
quic,2048,704,244731 
quic,2048,704,206308 
quic,2048,704,214078 
quic,2048,704,229549 
quic,2048,704,227568 
quic,2048,704,224329 
quic,2048,704,232128 
quic,2048,704,227306 
quic,2048,704,258399 
quic,2048,704,224651 
quic,2048,768,234437 
quic,2048,768,218505 
quic,2048,768,244341 
quic,2048,768,436252 
quic,2048,768,251242 
quic,2048,768,313314 
quic,2048,768,378574 
quic,2048,768,544866 
quic,2048,768,349184 
quic,2048,768,284831 
quic,2048,768,307255 
quic,2048,768,1220642 
quic,2048,768,418419 
quic,2048,768,433915 
quic,2048,768,308706 
quic,2048,768,277982 
quic,2048,768,343904 
quic,2048,768,313703 
quic,2048,768,265471 
quic,2048,768,273660 
quic,2048,768,237321 
quic,2048,768,298047 
quic,2048,768,282663 
quic,2048,768,647008 
quic,2048,768,774376 
quic,2048,768,541453 
quic,2048,768,368602 
quic,2048,768,354830 
quic,2048,768,598467 
quic,2048,768,739915 
quic,2048,768,841877 
quic,2048,768,1277529 
quic,2048,768,1020767 
quic,2048,768,679293 
quic,2048,768,428277 
quic,2048,768,277253 
quic,2048,768,314155 
quic,2048,768,284138 
quic,2048,768,238744 
quic,2048,768,266271 
quic,2048,768,246416 
quic,2048,768,249805 
quic,2048,768,264296 
quic,2048,768,284084 
quic,2048,768,239123 
quic,2048,768,226826 
quic,2048,768,270596 
quic,2048,768,236243 
quic,2048,768,288988 
quic,2048,768,311239 
quic,2048,768,236292 
quic,2048,768,257906 
quic,2048,768,248298 
quic,2048,768,254797 
quic,2048,768,234319 
quic,2048,768,276294 
quic,2048,768,259568 
quic,2048,768,230717 
quic,2048,768,237788 
quic,2048,768,271138 
quic,2048,768,262076 
quic,2048,768,251572 
quic,2048,768,250757 
quic,2048,768,249497 
quic,2048,768,242706 
quic,2048,768,267396 
quic,2048,768,251820 
quic,2048,768,244816 
quic,2048,768,263806 
quic,2048,768,282199 
quic,2048,768,326706 
quic,2048,768,243324 
quic,2048,768,238795 
quic,2048,768,229184 
quic,2048,768,238213 
quic,2048,768,289236 
quic,2048,768,227955 
quic,2048,768,250917 
quic,2048,768,274489 
quic,2048,768,233400 
quic,2048,768,250353 
quic,2048,768,309429 
quic,2048,768,263288 
quic,2048,768,219989 
quic,2048,768,241497 
quic,2048,768,247127 
quic,2048,768,380132 
quic,2048,768,549298 
quic,2048,768,319361 
quic,2048,768,296403 
quic,2048,768,270240 
quic,2048,768,330529 
quic,2048,768,295209 
quic,2048,768,479402 
quic,2048,768,322667 
quic,2048,768,342154 
quic,2048,768,395517 
quic,2048,768,376444 
quic,2048,768,343110 
quic,2048,768,342467 
quic,2048,832,464622 
quic,2048,832,529679 
quic,2048,832,461368 
quic,2048,832,400640 
quic,2048,832,356837 
quic,2048,832,1754300 
quic,2048,832,649469 
quic,2048,832,736540 
quic,2048,832,571449 
quic,2048,832,540670 
quic,2048,832,377458 
quic,2048,832,325389 
quic,2048,832,475561 
quic,2048,832,358600 
quic,2048,832,341009 
quic,2048,832,513002 
quic,2048,832,619549 
quic,2048,832,458089 
quic,2048,832,614814 
quic,2048,832,423924 
quic,2048,832,600212 
quic,2048,832,714744 
quic,2048,832,801137 
quic,2048,832,620733 
quic,2048,832,513193 
quic,2048,832,372420 
quic,2048,832,495971 
quic,2048,832,365387 
quic,2048,832,279689 
quic,2048,832,338298 
quic,2048,832,329657 
quic,2048,832,270095 
quic,2048,832,276594 
quic,2048,832,253331 
quic,2048,832,305583 
quic,2048,832,271955 
quic,2048,832,384867 
quic,2048,832,343525 
quic,2048,832,312228 
quic,2048,832,336077 
quic,2048,832,655558 
quic,2048,832,413691 
quic,2048,832,469313 
quic,2048,832,323661 
quic,2048,832,288983 
quic,2048,832,261898 
quic,2048,832,352626 
quic,2048,832,249989 
quic,2048,832,326549 
quic,2048,832,450697 
quic,2048,832,283808 
quic,2048,832,338275 
quic,2048,832,313296 
quic,2048,832,346362 
quic,2048,832,371173 
quic,2048,832,312577 
quic,2048,832,293834 
quic,2048,832,256166 
quic,2048,832,239965 
quic,2048,832,359406 
quic,2048,832,390930 
quic,2048,832,352581 
quic,2048,832,493337 
quic,2048,832,1000025 
quic,2048,832,331646 
quic,2048,832,268441 
quic,2048,832,302650 
quic,2048,832,337959 
quic,2048,832,242666 
quic,2048,832,249871 
quic,2048,832,229001 
quic,2048,832,232790 
quic,2048,832,258326 
quic,2048,832,357617 
quic,2048,832,380898 
quic,2048,832,375890 
quic,2048,832,357426 
quic,2048,832,244732 
quic,2048,832,219086 
quic,2048,832,258267 
quic,2048,832,550510 
quic,2048,832,214224 
quic,2048,832,219017 
quic,2048,832,321387 
quic,2048,832,248588 
quic,2048,832,289516 
quic,2048,832,378429 
quic,2048,832,356398 
quic,2048,832,277136 
quic,2048,832,345761 
quic,2048,832,369226 
quic,2048,832,308382 
quic,2048,832,304874 
quic,2048,832,292030 
quic,2048,832,365841 
quic,2048,832,307011 
quic,2048,832,246515 
quic,2048,832,290789 
quic,2048,832,289380 
quic,2048,832,438788 
quic,2048,896,394384 
quic,2048,896,298929 
quic,2048,896,289638 
quic,2048,896,289117 
quic,2048,896,312028 
quic,2048,896,270689 
quic,2048,896,307214 
quic,2048,896,320089 
quic,2048,896,330886 
quic,2048,896,309184 
quic,2048,896,312811 
quic,2048,896,299476 
quic,2048,896,280655 
quic,2048,896,277063 
quic,2048,896,388854 
quic,2048,896,273598 
quic,2048,896,506477 
quic,2048,896,466131 
quic,2048,896,352553 
quic,2048,896,328409 
quic,2048,896,321394 
quic,2048,896,359878 
quic,2048,896,279098 
quic,2048,896,228422 
quic,2048,896,271403 
quic,2048,896,290153 
quic,2048,896,376479 
quic,2048,896,496850 
quic,2048,896,531537 
quic,2048,896,537183 
quic,2048,896,628201 
quic,2048,896,431319 
quic,2048,896,428916 
quic,2048,896,419694 
quic,2048,896,357012 
quic,2048,896,314362 
quic,2048,896,342257 
quic,2048,896,337288 
quic,2048,896,385772 
quic,2048,896,769671 
quic,2048,896,677787 
quic,2048,896,497414 
quic,2048,896,444349 
quic,2048,896,358563 
quic,2048,896,461481 
quic,2048,896,306331 
quic,2048,896,339870 
quic,2048,896,279217 
quic,2048,896,274264 
quic,2048,896,263304 
quic,2048,896,560580 
quic,2048,896,276080 
quic,2048,896,285809 
quic,2048,896,308165 
quic,2048,896,270008 
quic,2048,896,367522 
quic,2048,896,313254 
quic,2048,896,325484 
quic,2048,896,553454 
quic,2048,896,397037 
quic,2048,896,361784 
quic,2048,896,757371 
quic,2048,896,377541 
quic,2048,896,470717 
quic,2048,896,347509 
quic,2048,896,370085 
quic,2048,896,392476 
quic,2048,896,325580 
quic,2048,896,331804 
quic,2048,896,315677 
quic,2048,896,303303 
quic,2048,896,272891 
quic,2048,896,279217 
quic,2048,896,264271 
quic,2048,896,305071 
quic,2048,896,268483 
quic,2048,896,319364 
quic,2048,896,246410 
quic,2048,896,264916 
quic,2048,896,264429 
quic,2048,896,257050 
quic,2048,896,246728 
quic,2048,896,294672 
quic,2048,896,272411 
quic,2048,896,281817 
quic,2048,896,315367 
quic,2048,896,244538 
quic,2048,896,302493 
quic,2048,896,245023 
quic,2048,896,238391 
quic,2048,896,247515 
quic,2048,896,284719 
quic,2048,896,261255 
quic,2048,896,250441 
quic,2048,896,270152 
quic,2048,896,285227 
quic,2048,896,389910 
quic,2048,896,347912 
quic,2048,896,364122 
quic,2048,896,282682 
quic,2048,960,320923 
quic,2048,960,382780 
quic,2048,960,460914 
quic,2048,960,821170 
quic,2048,960,455936 
quic,2048,960,482218 
quic,2048,960,482411 
quic,2048,960,377808 
quic,2048,960,367657 
quic,2048,960,318179 
quic,2048,960,326455 
quic,2048,960,327574 
quic,2048,960,328045 
quic,2048,960,326360 
quic,2048,960,339867 
quic,2048,960,503377 
quic,2048,960,401254 
quic,2048,960,379644 
quic,2048,960,524057 
quic,2048,960,527466 
quic,2048,960,507395 
quic,2048,960,473884 
quic,2048,960,532882 
quic,2048,960,827495 
quic,2048,960,1251615 
quic,2048,960,1235317 
quic,2048,960,418877 
quic,2048,960,478237 
quic,2048,960,458339 
quic,2048,960,745023 
quic,2048,960,1180397 
quic,2048,960,2004221 
quic,2048,960,1098997 
quic,2048,960,507598 
quic,2048,960,316021 
quic,2048,960,413173 
quic,2048,960,595950 
quic,2048,960,1668186 
quic,2048,960,648398 
quic,2048,960,398606 
quic,2048,960,365902 
quic,2048,960,354455 
quic,2048,960,407024 
quic,2048,960,451445 
quic,2048,960,311503 
quic,2048,960,340950 
quic,2048,960,362576 
quic,2048,960,305697 
quic,2048,960,366052 
quic,2048,960,288524 
quic,2048,960,390542 
quic,2048,960,339358 
quic,2048,960,291014 
quic,2048,960,297769 
quic,2048,960,343844 
quic,2048,960,340555 
quic,2048,960,290136 
quic,2048,960,303677 
quic,2048,960,373406 
quic,2048,960,311219 
quic,2048,960,285596 
quic,2048,960,314027 
quic,2048,960,259702 
quic,2048,960,278891 
quic,2048,960,331100 
quic,2048,960,296528 
quic,2048,960,286179 
quic,2048,960,300889 
quic,2048,960,272156 
quic,2048,960,337402 
quic,2048,960,278016 
quic,2048,960,332652 
quic,2048,960,259717 
quic,2048,960,263552 
quic,2048,960,332475 
quic,2048,960,358934 
quic,2048,960,316240 
quic,2048,960,328053 
quic,2048,960,440827 
quic,2048,960,275518 
quic,2048,960,264699 
quic,2048,960,304619 
quic,2048,960,375185 
quic,2048,960,347473 
quic,2048,960,567706 
quic,2048,960,273513 
quic,2048,960,367401 
quic,2048,960,298919 
quic,2048,960,334967 
quic,2048,960,260391 
quic,2048,960,575350 
quic,2048,960,249274 
quic,2048,960,365515 
quic,2048,960,329508 
quic,2048,960,311190 
quic,2048,960,355854 
quic,2048,960,363765 
quic,2048,960,357487 
quic,2048,960,307447 
quic,2048,960,383690 
quic,2048,1024,381286 
quic,2048,1024,315152 
quic,2048,1024,396102 
quic,2048,1024,413150 
quic,2048,1024,498849 
quic,2048,1024,404866 
quic,2048,1024,323824 
quic,2048,1024,438820 
quic,2048,1024,301115 
quic,2048,1024,270766 
quic,2048,1024,342616 
quic,2048,1024,309618 
quic,2048,1024,357286 
quic,2048,1024,365579 
quic,2048,1024,349889 
quic,2048,1024,324458 
quic,2048,1024,283052 
quic,2048,1024,267315 
quic,2048,1024,272668 
quic,2048,1024,415480 
quic,2048,1024,346460 
quic,2048,1024,386553 
quic,2048,1024,376375 
quic,2048,1024,293257 
quic,2048,1024,309389 
quic,2048,1024,319539 
quic,2048,1024,299918 
quic,2048,1024,289185 
quic,2048,1024,275427 
quic,2048,1024,257543 
quic,2048,1024,286701 
quic,2048,1024,366641 
quic,2048,1024,342518 
quic,2048,1024,368300 
quic,2048,1024,397370 
quic,2048,1024,330897 
quic,2048,1024,300106 
quic,2048,1024,379226 
quic,2048,1024,325585 
quic,2048,1024,256162 
quic,2048,1024,281416 
quic,2048,1024,283934 
quic,2048,1024,295013 
quic,2048,1024,364078 
quic,2048,1024,305424 
quic,2048,1024,323653 
quic,2048,1024,346158 
quic,2048,1024,374875 
quic,2048,1024,284676 
quic,2048,1024,323596 
quic,2048,1024,283149 
quic,2048,1024,277447 
quic,2048,1024,287744 
quic,2048,1024,357326 
quic,2048,1024,329565 
quic,2048,1024,286889 
quic,2048,1024,282622 
quic,2048,1024,292591 
quic,2048,1024,338784 
quic,2048,1024,290738 
quic,2048,1024,333961 
quic,2048,1024,327060 
quic,2048,1024,332038 
quic,2048,1024,324684 
quic,2048,1024,255409 
quic,2048,1024,311608 
quic,2048,1024,276436 
quic,2048,1024,312356 
quic,2048,1024,302770 
quic,2048,1024,271207 
quic,2048,1024,292341 
quic,2048,1024,295996 
quic,2048,1024,295336 
quic,2048,1024,290437 
quic,2048,1024,295632 
quic,2048,1024,291505 
quic,2048,1024,290991 
quic,2048,1024,285324 
quic,2048,1024,305101 
quic,2048,1024,295370 
quic,2048,1024,381692 
quic,2048,1024,933764 
quic,2048,1024,561682 
quic,2048,1024,348038 
quic,2048,1024,326150 
quic,2048,1024,333516 
quic,2048,1024,275194 
quic,2048,1024,295938 
quic,2048,1024,303842 
quic,2048,1024,322306 
quic,2048,1024,294257 
quic,2048,1024,296705 
quic,2048,1024,279878 
quic,2048,1024,292643 
quic,2048,1024,326284 
quic,2048,1024,251343 
quic,2048,1024,718443 
quic,2048,1024,281459 
quic,2048,1024,288908 
quic,2048,1024,351300 
tcp,2048,64,563248 
tcp,2048,64,127355 
tcp,2048,64,111264 
tcp,2048,64,108409 
tcp,2048,64,96805 
tcp,2048,64,102355 
tcp,2048,64,103091 
tcp,2048,64,100467 
tcp,2048,64,100483 
tcp,2048,64,102956 
tcp,2048,64,103176 
tcp,2048,64,97362 
tcp,2048,64,92513 
tcp,2048,64,100192 
tcp,2048,64,99002 
tcp,2048,64,108309 
tcp,2048,64,98080 
tcp,2048,64,97449 
tcp,2048,64,109269 
tcp,2048,64,111275 
tcp,2048,64,129367 
tcp,2048,64,45153 
tcp,2048,64,90175 
tcp,2048,64,82412 
tcp,2048,64,151844 
tcp,2048,64,86442 
tcp,2048,64,36371 
tcp,2048,64,33167 
tcp,2048,64,35340 
tcp,2048,64,36102 
tcp,2048,64,89777 
tcp,2048,64,93315 
tcp,2048,64,98131 
tcp,2048,64,92103 
tcp,2048,64,97545 
tcp,2048,64,90507 
tcp,2048,64,91051 
tcp,2048,64,100729 
tcp,2048,64,104544 
tcp,2048,64,101786 
tcp,2048,64,93573 
tcp,2048,64,93592 
tcp,2048,64,88893 
tcp,2048,64,97141 
tcp,2048,64,107280 
tcp,2048,64,103896 
tcp,2048,64,130492 
tcp,2048,64,95388 
tcp,2048,64,97182 
tcp,2048,64,97588 
tcp,2048,64,91270 
tcp,2048,64,95565 
tcp,2048,64,89209 
tcp,2048,64,93342 
tcp,2048,64,96451 
tcp,2048,64,106482 
tcp,2048,64,102215 
tcp,2048,64,94783 
tcp,2048,64,97709 
tcp,2048,64,94291 
tcp,2048,64,92417 
tcp,2048,64,94622 
tcp,2048,64,93097 
tcp,2048,64,95220 
tcp,2048,64,94207 
tcp,2048,64,96968 
tcp,2048,64,88978 
tcp,2048,64,81404 
tcp,2048,64,93344 
tcp,2048,64,97813 
tcp,2048,64,99567 
tcp,2048,64,99627 
tcp,2048,64,96445 
tcp,2048,64,106398 
tcp,2048,128,112359 
tcp,2048,128,107894 
tcp,2048,128,102608 
tcp,2048,128,102119 
tcp,2048,128,99404 
tcp,2048,128,94126 
tcp,2048,128,92378 
tcp,2048,128,94587 
tcp,2048,128,96674 
tcp,2048,128,100199 
tcp,2048,128,94514 
tcp,2048,128,194566 
tcp,2048,128,37926 
tcp,2048,128,469362 
tcp,2048,128,196555 
tcp,2048,128,61083 
tcp,2048,128,104375 
tcp,2048,128,86674 
tcp,2048,128,103622 
tcp,2048,128,100802 
tcp,2048,128,106621 
tcp,2048,128,89716 
tcp,2048,128,118629 
tcp,2048,128,98186 
tcp,2048,128,100751 
tcp,2048,128,121437 
tcp,2048,128,84490 
tcp,2048,128,103693 
tcp,2048,128,54705 
tcp,2048,128,62283 
tcp,2048,128,47259 
tcp,2048,128,92202 
tcp,2048,128,93494 
tcp,2048,128,94645 
tcp,2048,128,94703 
tcp,2048,128,94111 
tcp,2048,128,92401 
tcp,2048,128,103363 
tcp,2048,128,97350 
tcp,2048,128,117610 
tcp,2048,128,91246 
tcp,2048,128,94951 
tcp,2048,128,97245 
tcp,2048,128,95772 
tcp,2048,128,94671 
tcp,2048,128,97035 
tcp,2048,128,104025 
tcp,2048,128,93809 
tcp,2048,128,94688 
tcp,2048,128,99862 
tcp,2048,128,102100 
tcp,2048,128,99489 
tcp,2048,128,102581 
tcp,2048,128,91960 
tcp,2048,128,98994 
tcp,2048,128,97516 
tcp,2048,128,92907 
tcp,2048,128,96366 
tcp,2048,128,235861 
tcp,2048,128,55599 
tcp,2048,128,95712 
tcp,2048,128,106105 
tcp,2048,128,117537 
tcp,2048,128,97645 
tcp,2048,128,99689 
tcp,2048,128,99934 
tcp,2048,128,95937 
tcp,2048,128,96443 
tcp,2048,128,91510 
tcp,2048,128,97884 
tcp,2048,128,99409 
tcp,2048,128,94386 
tcp,2048,128,94550 
tcp,2048,128,94140 
tcp,2048,128,116661 
tcp,2048,128,116087 
tcp,2048,128,303055 
tcp,2048,128,3117 
tcp,2048,128,95289 
tcp,2048,128,93321 
tcp,2048,128,101104 
tcp,2048,128,119020 
tcp,2048,128,107472 
tcp,2048,128,109715 
tcp,2048,128,123534 
tcp,2048,128,115005 
tcp,2048,128,91483 
tcp,2048,128,97970 
tcp,2048,128,120735 
tcp,2048,128,116250 
tcp,2048,128,98165 
tcp,2048,128,94657 
tcp,2048,128,112426 
tcp,2048,128,92238 
tcp,2048,128,92925 
tcp,2048,128,98684 
tcp,2048,128,94701 
tcp,2048,128,96180 
tcp,2048,128,95371 
tcp,2048,128,94333 
tcp,2048,192,154031 
tcp,2048,192,118983 
tcp,2048,192,114554 
tcp,2048,192,96493 
tcp,2048,192,103372 
tcp,2048,192,99199 
tcp,2048,192,105698 
tcp,2048,192,106365 
tcp,2048,192,101150 
tcp,2048,192,97942 
tcp,2048,192,95816 
tcp,2048,192,101103 
tcp,2048,192,98566 
tcp,2048,192,102794 
tcp,2048,192,89667 
tcp,2048,192,106686 
tcp,2048,192,100029 
tcp,2048,192,97905 
tcp,2048,192,105907 
tcp,2048,192,107818 
tcp,2048,192,83489 
tcp,2048,192,104921 
tcp,2048,192,92959 
tcp,2048,192,99664 
tcp,2048,192,93293 
tcp,2048,192,111025 
tcp,2048,192,66517 
tcp,2048,192,93230 
tcp,2048,192,100906 
tcp,2048,192,100479 
tcp,2048,192,106637 
tcp,2048,192,122279 
tcp,2048,192,92357 
tcp,2048,192,186000 
tcp,2048,192,88724 
tcp,2048,192,95858 
tcp,2048,192,107071 
tcp,2048,192,113681 
tcp,2048,192,93253 
tcp,2048,192,110825 
tcp,2048,192,113200 
tcp,2048,192,101852 
tcp,2048,192,111166 
tcp,2048,192,102255 
tcp,2048,192,103884 
tcp,2048,192,97184 
tcp,2048,192,94734 
tcp,2048,192,93277 
tcp,2048,192,105496 
tcp,2048,192,119676 
tcp,2048,192,80895 
tcp,2048,192,104884 
tcp,2048,192,95709 
tcp,2048,192,99054 
tcp,2048,192,92360 
tcp,2048,192,97145 
tcp,2048,192,93941 
tcp,2048,192,106339 
tcp,2048,192,101670 
tcp,2048,192,102796 
tcp,2048,192,109812 
tcp,2048,192,113082 
tcp,2048,192,115754 
tcp,2048,192,89672 
tcp,2048,192,95257 
tcp,2048,192,101345 
tcp,2048,192,97035 
tcp,2048,192,110744 
tcp,2048,192,113398 
tcp,2048,192,96396 
tcp,2048,192,123235 
tcp,2048,192,87795 
tcp,2048,192,98028 
tcp,2048,192,107871 
tcp,2048,192,94181 
tcp,2048,192,91470 
tcp,2048,192,107275 
tcp,2048,192,121485 
tcp,2048,192,106382 
tcp,2048,192,104788 
tcp,2048,192,110113 
tcp,2048,192,98975 
tcp,2048,192,127604 
tcp,2048,192,67378 
tcp,2048,192,140683 
tcp,2048,192,105358 
tcp,2048,192,137443 
tcp,2048,192,95372 
tcp,2048,192,170435 
tcp,2048,192,156345 
tcp,2048,192,97390 
tcp,2048,192,101540 
tcp,2048,192,129588 
tcp,2048,192,87547 
tcp,2048,192,101654 
tcp,2048,192,114615 
tcp,2048,192,91723 
tcp,2048,192,110522 
tcp,2048,192,100295 
tcp,2048,192,132586 
tcp,2048,256,114392 
tcp,2048,256,115249 
tcp,2048,256,113025 
tcp,2048,256,126022 
tcp,2048,256,126598 
tcp,2048,256,102069 
tcp,2048,256,109056 
tcp,2048,256,101745 
tcp,2048,256,105228 
tcp,2048,256,122399 
tcp,2048,256,113844 
tcp,2048,256,129109 
tcp,2048,256,127115 
tcp,2048,256,80610 
tcp,2048,256,94412 
tcp,2048,256,97799 
tcp,2048,256,109201 
tcp,2048,256,107347 
tcp,2048,256,103366 
tcp,2048,256,174981 
tcp,2048,256,89311 
tcp,2048,256,101733 
tcp,2048,256,325757 
tcp,2048,256,197732 
tcp,2048,256,278695 
tcp,2048,256,112865 
tcp,2048,256,145430 
tcp,2048,256,179397 
tcp,2048,256,127025 
tcp,2048,256,114217 
tcp,2048,256,106390 
tcp,2048,256,100306 
tcp,2048,256,100925 
tcp,2048,256,128827 
tcp,2048,256,119177 
tcp,2048,256,88094 
tcp,2048,256,108403 
tcp,2048,256,119910 
tcp,2048,256,101974 
tcp,2048,256,113184 
tcp,2048,256,117855 
tcp,2048,256,113667 
tcp,2048,256,129794 
tcp,2048,256,114867 
tcp,2048,256,83506 
tcp,2048,256,109698 
tcp,2048,256,114172 
tcp,2048,256,109208 
tcp,2048,256,101775 
tcp,2048,256,99568 
tcp,2048,256,120041 
tcp,2048,256,123350 
tcp,2048,256,95161 
tcp,2048,256,130757 
tcp,2048,256,113000 
tcp,2048,256,95985 
tcp,2048,256,103790 
tcp,2048,256,89772 
tcp,2048,256,100194 
tcp,2048,256,128064 
tcp,2048,256,108441 
tcp,2048,256,118747 
tcp,2048,256,101841 
tcp,2048,256,101626 
tcp,2048,256,106352 
tcp,2048,256,105647 
tcp,2048,256,98111 
tcp,2048,256,105213 
tcp,2048,256,98147 
tcp,2048,256,118969 
tcp,2048,256,105617 
tcp,2048,256,102534 
tcp,2048,256,111924 
tcp,2048,256,106179 
tcp,2048,256,100028 
tcp,2048,256,108944 
tcp,2048,256,114868 
tcp,2048,256,82009 
tcp,2048,256,105569 
tcp,2048,256,129678 
tcp,2048,256,132187 
tcp,2048,256,112008 
tcp,2048,256,87543 
tcp,2048,256,107481 
tcp,2048,256,107511 
tcp,2048,256,120358 
tcp,2048,256,102101 
tcp,2048,256,104408 
tcp,2048,256,120729 
tcp,2048,256,180075 
tcp,2048,256,115478 
tcp,2048,256,108793 
tcp,2048,256,99809 
tcp,2048,256,118942 
tcp,2048,256,115676 
tcp,2048,256,95303 
tcp,2048,256,121015 
tcp,2048,256,106192 
tcp,2048,256,107080 
tcp,2048,256,102534 
tcp,2048,320,113402 
tcp,2048,320,140456 
tcp,2048,320,110832 
tcp,2048,320,121856 
tcp,2048,320,141124 
tcp,2048,320,322889 
tcp,2048,320,242091 
tcp,2048,320,175741 
tcp,2048,320,225954 
tcp,2048,320,239632 
tcp,2048,320,101241 
tcp,2048,320,134869 
tcp,2048,320,97308 
tcp,2048,320,155311 
tcp,2048,320,101398 
tcp,2048,320,110987 
tcp,2048,320,124119 
tcp,2048,320,127710 
tcp,2048,320,105005 
tcp,2048,320,116902 
tcp,2048,320,333546 
tcp,2048,320,240846 
tcp,2048,320,753563 
tcp,2048,320,102755 
tcp,2048,320,135907 
tcp,2048,320,127922 
tcp,2048,320,136573 
tcp,2048,320,94046 
tcp,2048,320,101975 
tcp,2048,320,109002 
tcp,2048,320,127415 
tcp,2048,320,127673 
tcp,2048,320,117727 
tcp,2048,320,104607 
tcp,2048,320,114969 
tcp,2048,320,105906 
tcp,2048,320,128758 
tcp,2048,320,104490 
tcp,2048,320,110573 
tcp,2048,320,118244 
tcp,2048,320,127466 
tcp,2048,320,107340 
tcp,2048,320,169439 
tcp,2048,320,138025 
tcp,2048,320,128000 
tcp,2048,320,146927 
tcp,2048,320,112390 
tcp,2048,320,101620 
tcp,2048,320,134228 
tcp,2048,320,140568 
tcp,2048,320,133007 
tcp,2048,320,163635 
tcp,2048,320,126810 
tcp,2048,320,130116 
tcp,2048,320,119186 
tcp,2048,320,114946 
tcp,2048,320,124497 
tcp,2048,320,478817 
tcp,2048,320,140140 
tcp,2048,320,100545 
tcp,2048,320,112671 
tcp,2048,320,94679 
tcp,2048,320,105742 
tcp,2048,320,118639 
tcp,2048,320,130248 
tcp,2048,320,108886 
tcp,2048,320,110199 
tcp,2048,320,108505 
tcp,2048,320,130331 
tcp,2048,320,99044 
tcp,2048,320,127696 
tcp,2048,320,92586 
tcp,2048,320,116267 
tcp,2048,320,198601 
tcp,2048,320,116832 
tcp,2048,320,122569 
tcp,2048,320,115765 
tcp,2048,320,109392 
tcp,2048,320,113226 
tcp,2048,320,110743 
tcp,2048,320,119616 
tcp,2048,320,118083 
tcp,2048,320,177209 
tcp,2048,320,164638 
tcp,2048,320,130997 
tcp,2048,320,96236 
tcp,2048,320,137867 
tcp,2048,320,146871 
tcp,2048,320,96474 
tcp,2048,320,106695 
tcp,2048,320,129633 
tcp,2048,320,124568 
tcp,2048,320,108255 
tcp,2048,320,118204 
tcp,2048,320,144103 
tcp,2048,320,122682 
tcp,2048,320,110311 
tcp,2048,320,116979 
tcp,2048,320,117244 
tcp,2048,320,131359 
tcp,2048,384,125431 
tcp,2048,384,111508 
tcp,2048,384,135246 
tcp,2048,384,127342 
tcp,2048,384,131623 
tcp,2048,384,107257 
tcp,2048,384,146471 
tcp,2048,384,108159 
tcp,2048,384,118013 
tcp,2048,384,112267 
tcp,2048,384,108706 
tcp,2048,384,119277 
tcp,2048,384,111340 
tcp,2048,384,120104 
tcp,2048,384,130182 
tcp,2048,384,126208 
tcp,2048,384,210467 
tcp,2048,384,184204 
tcp,2048,384,166085 
tcp,2048,384,237504 
tcp,2048,384,159940 
tcp,2048,384,230425 
tcp,2048,384,181728 
tcp,2048,384,342369 
tcp,2048,384,180339 
tcp,2048,384,143138 
tcp,2048,384,126868 
tcp,2048,384,195432 
tcp,2048,384,144333 
tcp,2048,384,146328 
tcp,2048,384,163740 
tcp,2048,384,129148 
tcp,2048,384,113739 
tcp,2048,384,139009 
tcp,2048,384,109333 
tcp,2048,384,136575 
tcp,2048,384,155499 
tcp,2048,384,195731 
tcp,2048,384,166123 
tcp,2048,384,155421 
tcp,2048,384,165307 
tcp,2048,384,176424 
tcp,2048,384,103265 
tcp,2048,384,131079 
tcp,2048,384,118672 
tcp,2048,384,115681 
tcp,2048,384,126938 
tcp,2048,384,126567 
tcp,2048,384,104090 
tcp,2048,384,122028 
tcp,2048,384,173644 
tcp,2048,384,105868 
tcp,2048,384,138647 
tcp,2048,384,139443 
tcp,2048,384,196981 
tcp,2048,384,115094 
tcp,2048,384,204051 
tcp,2048,384,111593 
tcp,2048,384,146589 
tcp,2048,384,136955 
tcp,2048,384,139559 
tcp,2048,384,137000 
tcp,2048,384,130926 
tcp,2048,384,100413 
tcp,2048,384,133527 
tcp,2048,384,130888 
tcp,2048,384,114934 
tcp,2048,384,111987 
tcp,2048,384,117122 
tcp,2048,384,148509 
tcp,2048,384,126878 
tcp,2048,384,182647 
tcp,2048,384,142469 
tcp,2048,384,121328 
tcp,2048,384,141934 
tcp,2048,384,114337 
tcp,2048,384,135124 
tcp,2048,384,120225 
tcp,2048,384,131489 
tcp,2048,384,133870 
tcp,2048,384,123067 
tcp,2048,384,116126 
tcp,2048,384,126861 
tcp,2048,384,211653 
tcp,2048,384,132182 
tcp,2048,384,192202 
tcp,2048,384,128771 
tcp,2048,384,158472 
tcp,2048,384,118819 
tcp,2048,384,124582 
tcp,2048,384,147022 
tcp,2048,384,91260 
tcp,2048,384,121559 
tcp,2048,384,131368 
tcp,2048,384,95418 
tcp,2048,384,157021 
tcp,2048,384,115502 
tcp,2048,384,118473 
tcp,2048,384,117593 
tcp,2048,384,136960 
tcp,2048,448,172731 
tcp,2048,448,116358 
tcp,2048,448,153980 
tcp,2048,448,137922 
tcp,2048,448,137892 
tcp,2048,448,126787 
tcp,2048,448,121052 
tcp,2048,448,169557 
tcp,2048,448,126491 
tcp,2048,448,152148 
tcp,2048,448,120618 
tcp,2048,448,246213 
tcp,2048,448,170977 
tcp,2048,448,176721 
tcp,2048,448,117558 
tcp,2048,448,171458 
tcp,2048,448,153306 
tcp,2048,448,115537 
tcp,2048,448,148105 
tcp,2048,448,121007 
tcp,2048,448,117443 
tcp,2048,448,145890 
tcp,2048,448,110138 
tcp,2048,448,126165 
tcp,2048,448,150741 
tcp,2048,448,102238 
tcp,2048,448,313857 
tcp,2048,448,159620 
tcp,2048,448,176062 
tcp,2048,448,122444 
tcp,2048,448,116023 
tcp,2048,448,114005 
tcp,2048,448,163058 
tcp,2048,448,113036 
tcp,2048,448,162532 
tcp,2048,448,151858 
tcp,2048,448,204875 
tcp,2048,448,195528 
tcp,2048,448,162279 
tcp,2048,448,118214 
tcp,2048,448,130838 
tcp,2048,448,151195 
tcp,2048,448,112653 
tcp,2048,448,133759 
tcp,2048,448,144441 
tcp,2048,448,118282 
tcp,2048,448,132164 
tcp,2048,448,202730 
tcp,2048,448,242025 
tcp,2048,448,131703 
tcp,2048,448,161804 
tcp,2048,448,124253 
tcp,2048,448,121594 
tcp,2048,448,137554 
tcp,2048,448,132699 
tcp,2048,448,134773 
tcp,2048,448,134002 
tcp,2048,448,129502 
tcp,2048,448,176945 
tcp,2048,448,113138 
tcp,2048,448,236064 
tcp,2048,448,137493 
tcp,2048,448,116220 
tcp,2048,448,118411 
tcp,2048,448,172726 
tcp,2048,448,213653 
tcp,2048,448,202423 
tcp,2048,448,191642 
tcp,2048,448,142812 
tcp,2048,448,160294 
tcp,2048,448,133823 
tcp,2048,448,141924 
tcp,2048,448,125110 
tcp,2048,448,147476 
tcp,2048,448,132844 
tcp,2048,448,131026 
tcp,2048,448,134598 
tcp,2048,448,119451 
tcp,2048,448,149985 
tcp,2048,448,112389 
tcp,2048,448,181063 
tcp,2048,448,164927 
tcp,2048,448,169838 
tcp,2048,448,129723 
tcp,2048,448,131062 
tcp,2048,448,182928 
tcp,2048,448,171728 
tcp,2048,448,133510 
tcp,2048,448,133035 
tcp,2048,448,140915 
tcp,2048,448,116784 
tcp,2048,448,133326 
tcp,2048,448,114272 
tcp,2048,448,141278 
tcp,2048,448,147876 
tcp,2048,448,162356 
tcp,2048,448,125857 
tcp,2048,448,172727 
tcp,2048,448,128157 
tcp,2048,448,156599 
tcp,2048,512,205758 
tcp,2048,512,274932 
tcp,2048,512,166857 
tcp,2048,512,200527 
tcp,2048,512,148410 
tcp,2048,512,120868 
tcp,2048,512,146894 
tcp,2048,512,146508 
tcp,2048,512,138544 
tcp,2048,512,149543 
tcp,2048,512,152907 
tcp,2048,512,186970 
tcp,2048,512,189900 
tcp,2048,512,154036 
tcp,2048,512,149789 
tcp,2048,512,132088 
tcp,2048,512,144517 
tcp,2048,512,126680 
tcp,2048,512,140622 
tcp,2048,512,153850 
tcp,2048,512,146401 
tcp,2048,512,152362 
tcp,2048,512,139895 
tcp,2048,512,145581 
tcp,2048,512,179530 
tcp,2048,512,139672 
tcp,2048,512,161302 
tcp,2048,512,165694 
tcp,2048,512,148358 
tcp,2048,512,201471 
tcp,2048,512,207034 
tcp,2048,512,185086 
tcp,2048,512,1000872 
tcp,2048,512,204245 
tcp,2048,512,270370 
tcp,2048,512,267602 
tcp,2048,512,218372 
tcp,2048,512,330348 
tcp,2048,512,138995 
tcp,2048,512,184629 
tcp,2048,512,173678 
tcp,2048,512,187467 
tcp,2048,512,162093 
tcp,2048,512,225702 
tcp,2048,512,203445 
tcp,2048,512,194398 
tcp,2048,512,180530 
tcp,2048,512,146044 
tcp,2048,512,145250 
tcp,2048,512,165476 
tcp,2048,512,171041 
tcp,2048,512,155011 
tcp,2048,512,156910 
tcp,2048,512,161791 
tcp,2048,512,163482 
tcp,2048,512,166686 
tcp,2048,512,139067 
tcp,2048,512,137366 
tcp,2048,512,145109 
tcp,2048,512,167420 
tcp,2048,512,213155 
tcp,2048,512,313505 
tcp,2048,512,210293 
tcp,2048,512,192688 
tcp,2048,512,198247 
tcp,2048,512,292278 
tcp,2048,512,200213 
tcp,2048,512,321511 
tcp,2048,512,151892 
tcp,2048,512,187167 
tcp,2048,512,169656 
tcp,2048,512,136662 
tcp,2048,512,135188 
tcp,2048,512,189143 
tcp,2048,512,190404 
tcp,2048,512,157033 
tcp,2048,512,186852 
tcp,2048,512,166486 
tcp,2048,512,146939 
tcp,2048,512,154926 
tcp,2048,512,209278 
tcp,2048,512,182233 
tcp,2048,512,151632 
tcp,2048,512,185530 
tcp,2048,512,142555 
tcp,2048,512,155865 
tcp,2048,512,151838 
tcp,2048,512,173969 
tcp,2048,512,136056 
tcp,2048,512,150526 
tcp,2048,512,218680 
tcp,2048,512,192234 
tcp,2048,512,228446 
tcp,2048,512,169819 
tcp,2048,512,184878 
tcp,2048,512,190726 
tcp,2048,512,215761 
tcp,2048,512,218503 
tcp,2048,512,398792 
tcp,2048,512,982455 
tcp,2048,576,196052 
tcp,2048,576,179056 
tcp,2048,576,290000 
tcp,2048,576,214427 
tcp,2048,576,166580 
tcp,2048,576,184795 
tcp,2048,576,187636 
tcp,2048,576,196894 
tcp,2048,576,143829 
tcp,2048,576,171346 
tcp,2048,576,160474 
tcp,2048,576,169517 
tcp,2048,576,141396 
tcp,2048,576,196755 
tcp,2048,576,192699 
tcp,2048,576,175695 
tcp,2048,576,219700 
tcp,2048,576,157692 
tcp,2048,576,331686 
tcp,2048,576,242921 
tcp,2048,576,360329 
tcp,2048,576,403695 
tcp,2048,576,220364 
tcp,2048,576,176250 
tcp,2048,576,253455 
tcp,2048,576,134188 
tcp,2048,576,457415 
tcp,2048,576,188651 
tcp,2048,576,221848 
tcp,2048,576,334806 
tcp,2048,576,220350 
tcp,2048,576,166288 
tcp,2048,576,162157 
tcp,2048,576,170398 
tcp,2048,576,265847 
tcp,2048,576,178621 
tcp,2048,576,190445 
tcp,2048,576,205738 
tcp,2048,576,158772 
tcp,2048,576,160307 
tcp,2048,576,152304 
tcp,2048,576,154823 
tcp,2048,576,179142 
tcp,2048,576,172979 
tcp,2048,576,165526 
tcp,2048,576,190275 
tcp,2048,576,194814 
tcp,2048,576,216530 
tcp,2048,576,241828 
tcp,2048,576,259009 
tcp,2048,576,401146 
tcp,2048,576,225866 
tcp,2048,576,186827 
tcp,2048,576,199963 
tcp,2048,576,150591 
tcp,2048,576,166486 
tcp,2048,576,163816 
tcp,2048,576,236781 
tcp,2048,576,266755 
tcp,2048,576,171174 
tcp,2048,576,205936 
tcp,2048,576,156761 
tcp,2048,576,195314 
tcp,2048,576,224391 
tcp,2048,576,171652 
tcp,2048,576,155974 
tcp,2048,576,172083 
tcp,2048,576,203153 
tcp,2048,576,197102 
tcp,2048,576,206180 
tcp,2048,576,152235 
tcp,2048,576,180344 
tcp,2048,576,202283 
tcp,2048,576,223576 
tcp,2048,576,197042 
tcp,2048,576,191782 
tcp,2048,576,155032 
tcp,2048,576,158281 
tcp,2048,576,281229 
tcp,2048,576,171535 
tcp,2048,576,193087 
tcp,2048,576,212895 
tcp,2048,576,159845 
tcp,2048,576,197191 
tcp,2048,576,239074 
tcp,2048,576,210691 
tcp,2048,576,231474 
tcp,2048,576,207793 
tcp,2048,576,160228 
tcp,2048,576,166582 
tcp,2048,576,142082 
tcp,2048,576,224159 
tcp,2048,576,167742 
tcp,2048,576,166390 
tcp,2048,576,170341 
tcp,2048,576,177195 
tcp,2048,576,213094 
tcp,2048,576,199444 
tcp,2048,576,160411 
tcp,2048,576,162633 
tcp,2048,640,235605 
tcp,2048,640,194009 
tcp,2048,640,197742 
tcp,2048,640,175421 
tcp,2048,640,202384 
tcp,2048,640,224443 
tcp,2048,640,206296 
tcp,2048,640,305759 
tcp,2048,640,157119 
tcp,2048,640,226889 
tcp,2048,640,189308 
tcp,2048,640,178196 
tcp,2048,640,182201 
tcp,2048,640,195703 
tcp,2048,640,221926 
tcp,2048,640,171131 
tcp,2048,640,176481 
tcp,2048,640,187298 
tcp,2048,640,217360 
tcp,2048,640,198149 
tcp,2048,640,292184 
tcp,2048,640,190872 
tcp,2048,640,240517 
tcp,2048,640,246550 
tcp,2048,640,188017 
tcp,2048,640,176126 
tcp,2048,640,193056 
tcp,2048,640,185016 
tcp,2048,640,330894 
tcp,2048,640,237165 
tcp,2048,640,187648 
tcp,2048,640,272449 
tcp,2048,640,190144 
tcp,2048,640,185770 
tcp,2048,640,212315 
tcp,2048,640,177762 
tcp,2048,640,191699 
tcp,2048,640,193090 
tcp,2048,640,324951 
tcp,2048,640,174280 
tcp,2048,640,206782 
tcp,2048,640,166801 
tcp,2048,640,207139 
tcp,2048,640,214761 
tcp,2048,640,154190 
tcp,2048,640,174988 
tcp,2048,640,177636 
tcp,2048,640,184061 
tcp,2048,640,182972 
tcp,2048,640,186405 
tcp,2048,640,195242 
tcp,2048,640,167858 
tcp,2048,640,199052 
tcp,2048,640,148226 
tcp,2048,640,230085 
tcp,2048,640,184640 
tcp,2048,640,167394 
tcp,2048,640,181611 
tcp,2048,640,183703 
tcp,2048,640,179379 
tcp,2048,640,183930 
tcp,2048,640,224452 
tcp,2048,640,206447 
tcp,2048,640,269170 
tcp,2048,640,303886 
tcp,2048,640,451278 
tcp,2048,640,405344 
tcp,2048,640,331362 
tcp,2048,640,223610 
tcp,2048,640,259548 
tcp,2048,640,242281 
tcp,2048,640,254449 
tcp,2048,640,435048 
tcp,2048,640,427837 
tcp,2048,640,583844 
tcp,2048,640,327116 
tcp,2048,640,1012684 
tcp,2048,640,681734 
tcp,2048,640,704445 
tcp,2048,640,1144391 
tcp,2048,640,347112 
tcp,2048,640,266905 
tcp,2048,640,290027 
tcp,2048,640,262342 
tcp,2048,640,210653 
tcp,2048,640,212343 
tcp,2048,640,207416 
tcp,2048,640,200633 
tcp,2048,640,197739 
tcp,2048,640,220973 
tcp,2048,640,237544 
tcp,2048,640,208758 
tcp,2048,640,218049 
tcp,2048,640,1143258 
tcp,2048,640,231725 
tcp,2048,640,293305 
tcp,2048,640,224494 
tcp,2048,640,217620 
tcp,2048,640,209571 
tcp,2048,640,205158 
tcp,2048,704,187197 
tcp,2048,704,194016 
tcp,2048,704,179171 
tcp,2048,704,188572 
tcp,2048,704,339044 
tcp,2048,704,189125 
tcp,2048,704,217477 
tcp,2048,704,186217 
tcp,2048,704,218230 
tcp,2048,704,261980 
tcp,2048,704,212043 
tcp,2048,704,245778 
tcp,2048,704,231483 
tcp,2048,704,237535 
tcp,2048,704,267284 
tcp,2048,704,422022 
tcp,2048,704,385379 
tcp,2048,704,354078 
tcp,2048,704,200525 
tcp,2048,704,232953 
tcp,2048,704,334220 
tcp,2048,704,264808 
tcp,2048,704,245874 
tcp,2048,704,421866 
tcp,2048,704,230434 
tcp,2048,704,329639 
tcp,2048,704,437340 
tcp,2048,704,351586 
tcp,2048,704,267364 
tcp,2048,704,213557 
tcp,2048,704,265540 
tcp,2048,704,287296 
tcp,2048,704,318248 
tcp,2048,704,493691 
tcp,2048,704,268561 
tcp,2048,704,349540 
tcp,2048,704,507636 
tcp,2048,704,394694 
tcp,2048,704,304361 
tcp,2048,704,1169905 
tcp,2048,704,275066 
tcp,2048,704,297767 
tcp,2048,704,350922 
tcp,2048,704,314881 
tcp,2048,704,413553 
tcp,2048,704,513098 
tcp,2048,704,511223 
tcp,2048,704,375625 
tcp,2048,704,327581 
tcp,2048,704,346381 
tcp,2048,704,418130 
tcp,2048,704,829009 
tcp,2048,704,300634 
tcp,2048,704,382317 
tcp,2048,704,387134 
tcp,2048,704,437798 
tcp,2048,704,318360 
tcp,2048,704,307520 
tcp,2048,704,274474 
tcp,2048,704,391975 
tcp,2048,704,369440 
tcp,2048,704,428808 
tcp,2048,704,538639 
tcp,2048,704,336689 
tcp,2048,704,662212 
tcp,2048,704,431909 
tcp,2048,704,424332 
tcp,2048,704,337015 
tcp,2048,704,312742 
tcp,2048,704,353212 
tcp,2048,704,401208 
tcp,2048,704,627018 
tcp,2048,704,239125 
tcp,2048,704,345566 
tcp,2048,704,360507 
tcp,2048,704,335896 
tcp,2048,704,311821 
tcp,2048,704,347731 
tcp,2048,704,281591 
tcp,2048,704,301746 
tcp,2048,704,324635 
tcp,2048,704,424799 
tcp,2048,704,432124 
tcp,2048,704,328899 
tcp,2048,704,323213 
tcp,2048,704,264587 
tcp,2048,704,379636 
tcp,2048,704,280297 
tcp,2048,704,335238 
tcp,2048,704,337215 
tcp,2048,704,328651 
tcp,2048,704,318933 
tcp,2048,704,290401 
tcp,2048,704,320504 
tcp,2048,704,408847 
tcp,2048,704,386472 
tcp,2048,704,501124 
tcp,2048,704,383483 
tcp,2048,704,411672 
tcp,2048,704,383141 
tcp,2048,768,280183 
tcp,2048,768,342839 
tcp,2048,768,443447 
tcp,2048,768,533870 
tcp,2048,768,615153 
tcp,2048,768,563270 
tcp,2048,768,709952 
tcp,2048,768,615305 
tcp,2048,768,432253 
tcp,2048,768,366534 
tcp,2048,768,343823 
tcp,2048,768,683828 
tcp,2048,768,458688 
tcp,2048,768,413419 
tcp,2048,768,364928 
tcp,2048,768,364272 
tcp,2048,768,363884 
tcp,2048,768,375249 
tcp,2048,768,306060 
tcp,2048,768,360899 
tcp,2048,768,295493 
tcp,2048,768,331117 
tcp,2048,768,330193 
tcp,2048,768,295530 
tcp,2048,768,563212 
tcp,2048,768,420581 
tcp,2048,768,363855 
tcp,2048,768,285101 
tcp,2048,768,351699 
tcp,2048,768,607362 
tcp,2048,768,328694 
tcp,2048,768,403277 
tcp,2048,768,366868 
tcp,2048,768,375388 
tcp,2048,768,324195 
tcp,2048,768,696781 
tcp,2048,768,725064 
tcp,2048,768,711717 
tcp,2048,768,515600 
tcp,2048,768,525229 
tcp,2048,768,525340 
tcp,2048,768,370176 
tcp,2048,768,397500 
tcp,2048,768,309948 
tcp,2048,768,436031 
tcp,2048,768,757630 
tcp,2048,768,562966 
tcp,2048,768,3407950 
tcp,2048,768,469243 
tcp,2048,768,324135 
tcp,2048,768,278514 
tcp,2048,768,297254 
tcp,2048,768,285938 
tcp,2048,768,276356 
tcp,2048,768,228684 
tcp,2048,768,194954 
tcp,2048,768,186264 
tcp,2048,768,202196 
tcp,2048,768,190233 
tcp,2048,768,178669 
tcp,2048,768,184230 
tcp,2048,768,195257 
tcp,2048,768,182660 
tcp,2048,768,217538 
tcp,2048,768,200996 
tcp,2048,768,207515 
tcp,2048,768,228636 
tcp,2048,768,255875 
tcp,2048,768,291966 
tcp,2048,768,276939 
tcp,2048,768,181165 
tcp,2048,768,179082 
tcp,2048,768,250798 
tcp,2048,768,215733 
tcp,2048,768,243882 
tcp,2048,768,192792 
tcp,2048,768,269129 
tcp,2048,768,287343 
tcp,2048,768,241244 
tcp,2048,768,203055 
tcp,2048,768,214209 
tcp,2048,768,202332 
tcp,2048,768,217325 
tcp,2048,768,239772 
tcp,2048,768,182221 
tcp,2048,768,206811 
tcp,2048,768,179560 
tcp,2048,768,194168 
tcp,2048,768,182891 
tcp,2048,768,178531 
tcp,2048,768,288009 
tcp,2048,768,403795 
tcp,2048,768,337272 
tcp,2048,768,239919 
tcp,2048,768,296073 
tcp,2048,768,269752 
tcp,2048,768,1058923 
tcp,2048,768,221372 
tcp,2048,768,230628 
tcp,2048,768,228170 
tcp,2048,832,306496 
tcp,2048,832,238145 
tcp,2048,832,227857 
tcp,2048,832,222230 
tcp,2048,832,205082 
tcp,2048,832,304012 
tcp,2048,832,383182 
tcp,2048,832,243927 
tcp,2048,832,218923 
tcp,2048,832,205299 
tcp,2048,832,181080 
tcp,2048,832,198878 
tcp,2048,832,204988 
tcp,2048,832,184343 
tcp,2048,832,274801 
tcp,2048,832,630398 
tcp,2048,832,276956 
tcp,2048,832,236111 
tcp,2048,832,235851 
tcp,2048,832,270926 
tcp,2048,832,206125 
tcp,2048,832,215955 
tcp,2048,832,190350 
tcp,2048,832,203413 
tcp,2048,832,207644 
tcp,2048,832,216831 
tcp,2048,832,219709 
tcp,2048,832,229594 
tcp,2048,832,214636 
tcp,2048,832,294399 
tcp,2048,832,317245 
tcp,2048,832,294732 
tcp,2048,832,265180 
tcp,2048,832,217732 
tcp,2048,832,264304 
tcp,2048,832,248609 
tcp,2048,832,226954 
tcp,2048,832,225752 
tcp,2048,832,285169 
tcp,2048,832,300063 
tcp,2048,832,192185 
tcp,2048,832,270666 
tcp,2048,832,279287 
tcp,2048,832,202507 
tcp,2048,832,211560 
tcp,2048,832,248723 
tcp,2048,832,275946 
tcp,2048,832,280050 
tcp,2048,832,301196 
tcp,2048,832,193897 
tcp,2048,832,221752 
tcp,2048,832,287369 
tcp,2048,832,196540 
tcp,2048,832,280912 
tcp,2048,832,429900 
tcp,2048,832,378252 
tcp,2048,832,320639 
tcp,2048,832,450179 
tcp,2048,832,386849 
tcp,2048,832,197458 
tcp,2048,832,200363 
tcp,2048,832,235726 
tcp,2048,832,236515 
tcp,2048,832,239131 
tcp,2048,832,521275 
tcp,2048,832,362390 
tcp,2048,832,276136 
tcp,2048,832,291353 
tcp,2048,832,283843 
tcp,2048,832,322851 
tcp,2048,832,250774 
tcp,2048,832,243572 
tcp,2048,832,337479 
tcp,2048,832,281973 
tcp,2048,832,222615 
tcp,2048,832,252679 
tcp,2048,832,246793 
tcp,2048,832,217334 
tcp,2048,832,202354 
tcp,2048,832,198565 
tcp,2048,832,342509 
tcp,2048,832,262239 
tcp,2048,832,208003 
tcp,2048,832,205203 
tcp,2048,832,223932 
tcp,2048,832,207343 
tcp,2048,832,222400 
tcp,2048,832,204933 
tcp,2048,832,198894 
tcp,2048,832,286443 
tcp,2048,832,214571 
tcp,2048,832,242323 
tcp,2048,832,248790 
tcp,2048,832,219219 
tcp,2048,832,224320 
tcp,2048,832,222196 
tcp,2048,832,208471 
tcp,2048,832,601168 
tcp,2048,832,190824 
tcp,2048,832,243039 
tcp,2048,896,258789 
tcp,2048,896,325914 
tcp,2048,896,192703 
tcp,2048,896,212157 
tcp,2048,896,221181 
tcp,2048,896,361113 
tcp,2048,896,201619 
tcp,2048,896,277072 
tcp,2048,896,433203 
tcp,2048,896,359809 
tcp,2048,896,290050 
tcp,2048,896,300820 
tcp,2048,896,260882 
tcp,2048,896,241557 
tcp,2048,896,244703 
tcp,2048,896,217388 
tcp,2048,896,221062 
tcp,2048,896,227172 
tcp,2048,896,220927 
tcp,2048,896,244927 
tcp,2048,896,195554 
tcp,2048,896,249244 
tcp,2048,896,200258 
tcp,2048,896,217027 
tcp,2048,896,169900 
tcp,2048,896,183469 
tcp,2048,896,265732 
tcp,2048,896,267720 
tcp,2048,896,466910 
tcp,2048,896,295405 
tcp,2048,896,232986 
tcp,2048,896,322903 
tcp,2048,896,320175 
tcp,2048,896,315118 
tcp,2048,896,418289 
tcp,2048,896,341660 
tcp,2048,896,279440 
tcp,2048,896,271230 
tcp,2048,896,261756 
tcp,2048,896,235309 
tcp,2048,896,300866 
tcp,2048,896,234516 
tcp,2048,896,221333 
tcp,2048,896,226678 
tcp,2048,896,219085 
tcp,2048,896,247728 
tcp,2048,896,307589 
tcp,2048,896,229889 
tcp,2048,896,239964 
tcp,2048,896,295760 
tcp,2048,896,285176 
tcp,2048,896,231308 
tcp,2048,896,235610 
tcp,2048,896,257512 
tcp,2048,896,356301 
tcp,2048,896,344672 
tcp,2048,896,338407 
tcp,2048,896,272050 
tcp,2048,896,349021 
tcp,2048,896,355152 
tcp,2048,896,265483 
tcp,2048,896,263880 
tcp,2048,896,268149 
tcp,2048,896,194326 
tcp,2048,896,216372 
tcp,2048,896,220208 
tcp,2048,896,272180 
tcp,2048,896,1082305 
tcp,2048,896,367254 
tcp,2048,896,271649 
tcp,2048,896,345890 
tcp,2048,896,386193 
tcp,2048,896,292917 
tcp,2048,896,266786 
tcp,2048,896,280737 
tcp,2048,896,222393 
tcp,2048,896,216206 
tcp,2048,896,265870 
tcp,2048,896,218007 
tcp,2048,896,260130 
tcp,2048,896,258437 
tcp,2048,896,278847 
tcp,2048,896,255927 
tcp,2048,896,240370 
tcp,2048,896,197043 
tcp,2048,896,224434 
tcp,2048,896,293538 
tcp,2048,896,202001 
tcp,2048,896,219525 
tcp,2048,896,253321 
tcp,2048,896,223612 
tcp,2048,896,256615 
tcp,2048,896,226511 
tcp,2048,896,226726 
tcp,2048,896,265566 
tcp,2048,896,209839 
tcp,2048,896,213758 
tcp,2048,896,218482 
tcp,2048,896,286715 
tcp,2048,896,231735 
tcp,2048,960,236721 
tcp,2048,960,296221 
tcp,2048,960,237055 
tcp,2048,960,186896 
tcp,2048,960,245085 
tcp,2048,960,189807 
tcp,2048,960,225256 
tcp,2048,960,284697 
tcp,2048,960,234361 
tcp,2048,960,199613 
tcp,2048,960,227126 
tcp,2048,960,208301 
tcp,2048,960,306072 
tcp,2048,960,263661 
tcp,2048,960,220152 
tcp,2048,960,259162 
tcp,2048,960,220937 
tcp,2048,960,215808 
tcp,2048,960,216146 
tcp,2048,960,378923 
tcp,2048,960,1051176 
tcp,2048,960,236538 
tcp,2048,960,234509 
tcp,2048,960,263753 
tcp,2048,960,323489 
tcp,2048,960,315444 
tcp,2048,960,271515 
tcp,2048,960,318905 
tcp,2048,960,239010 
tcp,2048,960,218354 
tcp,2048,960,218899 
tcp,2048,960,219533 
tcp,2048,960,203477 
tcp,2048,960,215371 
tcp,2048,960,211817 
tcp,2048,960,282986 
tcp,2048,960,228299 
tcp,2048,960,622801 
tcp,2048,960,327412 
tcp,2048,960,212467 
tcp,2048,960,259048 
tcp,2048,960,204612 
tcp,2048,960,206760 
tcp,2048,960,203780 
tcp,2048,960,230491 
tcp,2048,960,213449 
tcp,2048,960,250684 
tcp,2048,960,222313 
tcp,2048,960,312859 
tcp,2048,960,237339 
tcp,2048,960,271600 
tcp,2048,960,448502 
tcp,2048,960,297201 
tcp,2048,960,306048 
tcp,2048,960,253086 
tcp,2048,960,270194 
tcp,2048,960,308786 
tcp,2048,960,629154 
tcp,2048,960,361899 
tcp,2048,960,559380 
tcp,2048,960,547667 
tcp,2048,960,361161 
tcp,2048,960,335649 
tcp,2048,960,340793 
tcp,2048,960,565085 
tcp,2048,960,333031 
tcp,2048,960,390007 
tcp,2048,960,300019 
tcp,2048,960,448487 
tcp,2048,960,280651 
tcp,2048,960,284642 
tcp,2048,960,269733 
tcp,2048,960,220215 
tcp,2048,960,238138 
tcp,2048,960,238033 
tcp,2048,960,236150 
tcp,2048,960,309106 
tcp,2048,960,309518 
tcp,2048,960,303251 
tcp,2048,960,363556 
tcp,2048,960,280304 
tcp,2048,960,266466 
tcp,2048,960,370123 
tcp,2048,960,568769 
tcp,2048,960,332298 
tcp,2048,960,245018 
tcp,2048,960,285935 
tcp,2048,960,265572 
tcp,2048,960,258983 
tcp,2048,960,199954 
tcp,2048,960,303586 
tcp,2048,960,311436 
tcp,2048,960,333676 
tcp,2048,960,350856 
tcp,2048,960,256346 
tcp,2048,960,289269 
tcp,2048,960,249289 
tcp,2048,960,279111 
tcp,2048,960,212745 
tcp,2048,960,288705 
tcp,2048,1024,320204 
tcp,2048,1024,353130 
tcp,2048,1024,414704 
tcp,2048,1024,296800 
tcp,2048,1024,384740 
tcp,2048,1024,272941 
tcp,2048,1024,251955 
tcp,2048,1024,550031 
tcp,2048,1024,279927 
tcp,2048,1024,219243 
tcp,2048,1024,669072 
tcp,2048,1024,432700 
tcp,2048,1024,358166 
tcp,2048,1024,299886 
tcp,2048,1024,309902 
tcp,2048,1024,334498 
tcp,2048,1024,253411 
tcp,2048,1024,322938 
tcp,2048,1024,259448 
tcp,2048,1024,258345 
tcp,2048,1024,254040 
tcp,2048,1024,272164 
tcp,2048,1024,363943 
tcp,2048,1024,277057 
tcp,2048,1024,253858 
tcp,2048,1024,205248 
tcp,2048,1024,344355 
tcp,2048,1024,261815 
tcp,2048,1024,234214 
tcp,2048,1024,220233 
tcp,2048,1024,249964 
tcp,2048,1024,195737 
tcp,2048,1024,318900 
tcp,2048,1024,305332 
tcp,2048,1024,244147 
tcp,2048,1024,250295 
tcp,2048,1024,216821 
tcp,2048,1024,246081 
tcp,2048,1024,240943 
tcp,2048,1024,236969 
tcp,2048,1024,287222 
tcp,2048,1024,303024 
tcp,2048,1024,376537 
tcp,2048,1024,314679 
tcp,2048,1024,260761 
tcp,2048,1024,298076 
tcp,2048,1024,366521 
tcp,2048,1024,245567 
tcp,2048,1024,227428 
tcp,2048,1024,259920 
tcp,2048,1024,464394 
tcp,2048,1024,261212 
tcp,2048,1024,271200 
tcp,2048,1024,338096 
tcp,2048,1024,275473 
tcp,2048,1024,281281 
tcp,2048,1024,246447 
tcp,2048,1024,229435 
tcp,2048,1024,243305 
tcp,2048,1024,255416 
tcp,2048,1024,570413 
tcp,2048,1024,323916 
tcp,2048,1024,209788 
tcp,2048,1024,328294 
tcp,2048,1024,212811 
tcp,2048,1024,249195 
tcp,2048,1024,266957 
tcp,2048,1024,389334 
tcp,2048,1024,1071944 
tcp,2048,1024,320720 
tcp,2048,1024,404148 
tcp,2048,1024,266669 
tcp,2048,1024,215072 
tcp,2048,1024,227033 
tcp,2048,1024,210031 
tcp,2048,1024,396713 
tcp,2048,1024,278936 
tcp,2048,1024,309670 
tcp,2048,1024,256356 
tcp,2048,1024,284196 
tcp,2048,1024,234940 
tcp,2048,1024,244882 
tcp,2048,1024,215672 
tcp,2048,1024,227237 
tcp,2048,1024,365217 
tcp,2048,1024,265509 
tcp,2048,1024,319444 
tcp,2048,1024,230923 
tcp,2048,1024,376451 
tcp,2048,1024,230589 
tcp,2048,1024,236704 
tcp,2048,1024,327857 
tcp,2048,1024,215878 
tcp,2048,1024,238186 
tcp,2048,1024,226429 
tcp,2048,1024,232197 
tcp,2048,1024,225110 
tcp,2048,1024,201480 
tcp,2048,1024,266976 
tcp,2048,1024,289414 
